SUBJ_ID,DATE,AGE_months,TRIAL,FILTER,QUESTION,VERBAL_SELF_screen,VERBAL_SELF,VERBAL_SURROUNDING_screen,VERBAL_SURROUNDING,VERBAL_AR_FILTER,PERCEPTION,KNOWLEDGE,NON-EXPLAN,OTHER_BEHAV,TOUCH_SELF_screen,TOUCH_SELF,TOUCH_SURROUNDING_screen,TOUCH_SURROUNDING,TOUCH_AR_FILTER,Notes
03_2-3-23,2-3-23,84,1,bubbles,Spontaneous,0,0,0,0,0,0,0,0,0,0,0,0,0,0,
03_2-3-23,2-3-23,84,1,bubbles,What do you see on the screen?,0,0,0,0,1,0,0,0,0,0,0,0,0,0,
03_2-3-23,2-3-23,84,1,bubbles,Is there anything on the screen that is real?,0,1,0,0,0,0,0,0,0,0,1,0,0,0,
03_2-3-23,2-3-23,84,1,bubbles,How do you know that its real?,0,0,0,0,0,0,0,0,0,0,0,0,0,0,
03_2-3-23,2-3-23,84,1,bubbles,Is there anything on the screen that is not real?,0,0,0,0,1,0,0,0,0,0,0,0,0,0,
03_2-3-23,2-3-23,84,1,bubbles,How do you know that its not real?,0,0,0,1,0,0,0,0,0,0,0,0,0,0,
03_2-3-23,2-3-23,84,2,balloons,Spontaneous,0,0,0,0,0,0,0,0,0,0,0,0,0,0,
03_2-3-23,2-3-23,84,2,balloons,What do you see on the screen?,1,0,0,0,0,0,0,0,0,0,0,0,0,0,
03_2-3-23,2-3-23,84,2,balloons,Is there anything on the screen that is real?,0,1,0,0,0,0,0,0,0,0,1,0,0,0,
03_2-3-23,2-3-23,84,2,balloons,How do you know that its real?,0,1,0,0,0,1,0,0,0,0,0,0,0,0,
03_2-3-23,2-3-23,84,2,balloons,Is there anything on the screen that is not real?,0,0,0,0,1,0,0,0,0,0,0,0,0,0,
03_2-3-23,2-3-23,84,2,balloons,How do you know that is not real?,0,0,0,1,0,1,0,0,0,0,0,0,0,0,
03_2-3-23,2-3-23,84,3,butterflies,Spontaneous,0,0,0,0,0,0,0,0,0,0,0,0,0,0,
03_2-3-23,2-3-23,84,3,butterflies,What do you see on the screen?,1,0,0,0,0,0,0,0,0,0,1,0,0,0,
03_2-3-23,2-3-23,84,3,butterflies,Is there anything on the screen that is real?,0,1,0,0,0,0,0,0,0,0,1,0,0,0,
03_2-3-23,2-3-23,84,3,butterflies,How do you know that its real?,0,0,0,1,0,1,0,0,0,0,0,0,0,0,
03_2-3-23,2-3-23,84,3,butterflies,Is there anything on the screen that is not real?,0,0,0,0,1,0,0,0,0,0,0,0,0,0,
03_2-3-23,2-3-23,84,3,butterflies,How do you know that its not real?,0,0,0,1,0,1,0,0,0,0,0,0,0,0,
03_2-3-23,2-3-23,84,4,hair,Spontaneous,0,0,0,0,0,0,0,0,0,0,0,0,0,0,
03_2-3-23,2-3-23,84,4,hair,What do you see on the screen?,1,0,0,0,0,0,0,0,0,0,0,0,0,0,
03-2-3-23,2-3-23,84,4,hair,Is there anything on the screen that is real?,0,1,0,0,0,0,0,0,0,0,0,0,0,0,
03_2-3-23,2-3-23,84,4,hair,How do you know that its real?,0,0,0,0,0,1,0,0,0,0,0,0,0,0,
03_2-3-23,2-3-23,84,4,hair,Is there anything on the screen that is not real?,0,0,0,0,1,0,0,0,0,0,0,0,0,0,
03_2-3-23,2-3-23,84,4,hair,How do you know that its not real?,0,0,0,0,0,1,0,0,0,0,0,0,0,1,
04_2-3-23,2-3-23,112,1,balloons,Spontaneous,0,0,0,0,0,0,0,0,0,0,0,0,0,0,
04_2-3-23,2-3-23,112,1,balloons,What do you see on the screen?,0,0,0,0,1,0,0,0,0,0,0,0,0,0,
04_2-3-23,2-3-23,112,1,balloons,Is there anything on the screen that is real?,0,1,0,1,0,0,0,0,0,0,0,0,0,0,
04_2-3-23,2-3-23,112,1,balloons,How do you know that its real?,0,0,0,0,0,1,1,0,0,0,0,0,0,0,
04_2-3-23,2-3-23,112,1,balloons,Is there anything on the screen that is not real?,0,0,0,0,1,0,0,0,0,0,0,0,0,0,
04_2-3-23,2-3-23,112,1,balloons,How do you know that its not real?,0,0,0,0,0,1,1,0,0,0,0,0,0,0,
04_2-3-23,2-3-23,112,2,bubbles,Spontaneous,0,0,0,0,0,0,0,0,0,0,0,0,0,0,
04_2-3-23,2-3-23,112,2,bubbles,What do you see on the screen?,0,0,0,0,1,0,0,0,0,0,0,0,0,0,
04_2-3-23,2-3-23,112,2,bubbles,Is there anything on the screen that is real?,0,0,0,1,0,0,0,0,0,0,0,0,0,0,
04_2-3-23,2-3-23,112,2,bubbles,How do you know that its real?,0,0,0,1,0,1,0,0,0,0,0,0,0,0,
04_2-3-23,2-3-23,112,2,bubbles,Is there anything on the screen that is not real?,0,0,0,1,1,0,0,0,0,0,0,0,0,0,
04_2-3-23,2-3-23,112,2,bubbles,How do you know that its not real?,0,0,0,1,0,0,0,0,0,0,0,0,0,0,
04_2-3-23,2-3-23,112,3,hair,Spontaneous,0,0,0,0,0,0,0,0,0,0,0,0,0,0,
04_2-3-23,2-3-23,112,3,hair,What do you see on the screen?,0,0,0,1,1,0,0,0,0,0,0,0,0,0,
04_2-3-23,2-3-23,112,3,hair,Is there anything on the screen that is real?,0,0,0,1,0,0,0,0,0,0,0,0,0,0,
04_2-3-23,2-3-23,112,3,hair,How do you know that its real?,0,0,0,0,0,0,0,0,0,0,0,0,0,0,
04_2-3-23,2-3-23,112,3,hair,Is there anything on the screen that is not real?,0,0,0,0,1,0,0,0,0,0,0,0,0,0,
04_2-3-23,2-3-23,112,3,hair,How do you know that its not real?,0,0,0,0,0,0,0,0,0,0,0,0,0,0,
04_2-3-23,2-3-23,112,4,butterflies,Spontaneous,0,0,0,0,0,0,0,0,0,0,0,0,0,0,
04_2-3-23,2-3-23,112,4,butterflies,What do you see on the screen?,0,1,0,1,1,0,0,0,0,0,0,0,0,0,
04_2-3-23,2-3-23,112,4,butterflies,Is there anything on the screen that is real?,0,1,0,1,0,0,0,0,0,0,0,0,0,0,
04_2-3-23,2-3-23,112,4,butterflies,How do you know that its real?,0,0,0,0,0,1,0,0,0,0,0,0,0,0,
04_2-3-23,2-3-23,112,4,butterflies,Is there anything on the screen that is not real?,0,0,0,0,1,0,0,0,0,0,0,0,0,0,
04_2-3-23,2-3-23,112,4,butterflies,How do you know that its not real?,0,0,0,0,0,1,0,0,0,0,0,0,0,0,
05_2-3-23,2-3-23,50,1,hair,Spontaneous,0,0,0,0,0,0,0,0,0,0,0,0,0,0,
05_2-3-23,2-3-23,50,1,hair,What do you see on the screen?,0,0,0,0,1,0,0,0,0,0,0,0,0,1,
05_2-3-23,2-3-23,50,1,hair,Is there anything on the screen that is real?,0,0,0,0,0,0,0,0,0,0,0,0,0,0,
05_2-3-23,2-3-23,50,1,hair,How do you know that its real?,0,0,0,0,0,0,0,0,0,0,0,0,0,0,
05_2-3-23,2-3-23,50,1,hair,Is there anything on the screen that is not real?,0,0,0,1,0,0,0,0,0,0,0,0,0,0,
05_2-3-23,2-3-23,50,1,hair,How do you know that its not real?,0,0,0,0,0,1,0,0,0,0,0,0,0,0,"Participant said ""I don't see eyes or a mouth"""
05_2-3-23,2-3-23,50,2,balloons,Spontaneous,0,0,0,0,0,0,0,0,0,0,0,0,0,0,
05_2-3-23,2-3-23,50,2,balloons,What do you see on the screen?,0,0,0,0,1,0,0,0,0,0,0,0,0,0,
05_2-3-23,2-3-23,50,2,balloons,Is there anything on the screen that is real?,0,0,0,0,0,0,0,0,0,0,0,0,0,0,
05_2-3-23,2-3-23,50,2,balloons,How do you know that its real?,0,0,0,0,0,0,0,0,0,0,0,0,0,0,
05_2-3-23,2-3-23,50,2,balloons,Is there anything on the screen that is not real?,0,0,0,0,1,0,0,0,0,0,0,0,0,0,
05_2-3-23,2-3-23,50,2,balloons,How do you know that its not real?,0,0,0,0,0,1,0,1,0,0,0,0,0,0,
05_2-3-23,2-3-23,50,3,bubbles,Spontaneous,0,0,0,0,0,0,0,0,0,0,0,0,0,0,
05_2-3-23,2-3-23,50,3,bubbles,What do you see on the screen?,0,0,0,0,1,0,0,0,0,0,0,0,0,0,
05_2-3-23,2-3-23,50,3,bubbles,Is there anything on the screen that is real?,0,0,0,0,0,0,0,0,0,0,0,0,0,0,
05_2-3-23,2-3-23,50,3,bubbles,How do you know that it is real?,0,0,0,0,0,0,0,0,0,0,0,0,0,0,
05_2-3-23,2-3-23,50,3,bubbles,Is there anything on the screen that is not real?,0,0,0,1,0,0,0,0,0,0,0,0,0,0,
05_2-3-23,2-3-23,50,3,bubbles,How do you know that its not real?,0,0,0,0,0,0,0,1,0,0,0,0,0,0,
05_2-3-23,2-3-23,50,4,butterflies,Spontaneous,0,0,0,0,0,0,0,0,0,0,0,0,0,0,
05_2-3-23,2-3-23,50,4,butterflies,What do you see on the screen?,0,0,0,0,0,0,0,0,0,0,0,0,0,0,
05_2-3-23,2-3-23,50,4,butterflies,Is there anything on the screen that is real?,0,0,0,0,0,0,0,0,0,0,0,0,0,0,
05_2-3-23,2-3-23,50,4,butterflies,How do you know that its real?,0,0,0,0,0,0,0,0,0,0,0,0,0,0,
05_2-3-23,2-3-23,50,4,butterflies,Is there anything on the screen that is not real?,0,0,0,0,0,0,0,0,0,0,0,0,0,0,
05_2-3-23,2-3-23,50,4,butterflies,How do you know that its not real?,0,0,0,0,0,0,0,0,0,0,0,0,0,0,
06_2-3-23,2-3-23,76,1,hair,Spontaneous,0,0,0,0,0,0,0,0,0,0,0,0,0,0,
06_2-3-23,2-3-23,76,1,hair,What do you see on the screen?,0,1,0,1,0,0,0,0,0,0,0,0,0,0,
06_2-3-23,2-3-23,76,1,hair,Is there anything on the screen that is real?,0,1,0,1,0,0,0,0,0,0,0,0,0,0,
06_2-3-23,2-3-23,76,1,hair,How do you know that its real?,0,0,0,0,0,0,0,0,0,0,0,0,0,0,
06_2-3-23,2-3-23,76,1,hair,Is there anything on the screen that is not real?,0,0,0,0,1,0,0,0,0,0,0,0,0,1,
06_2-3-23,2-3-23,76,1,hair,How do you know that its not real?,0,0,0,0,0,0,0,0,0,0,0,0,0,0,
06_2-3-23,2-3-23,76,2,butterflies,Spontaneous,0,0,0,0,0,0,0,0,0,0,0,0,0,0,
06_2-3-23,2-3-23,76,2,butterflies,What do you see on the screen?,0,0,1,0,0,0,0,0,0,0,0,0,0,0,
06_2-3-23,2-3-23,76,2,butterflies,Is there anything on the screen that is real?,0,1,0,0,0,0,0,0,0,0,0,0,0,0,
06_2-3-23,2-3-23,76,2,butterflies,How do you know that its real?,0,0,0,1,0,0,0,0,0,0,0,0,0,0,
06_2-3-23,2-3-23,76,2,butterflies,Is there anything on the screen that is not real?,0,0,0,0,1,0,0,0,0,0,0,0,0,0,
06_2-3-23,2-3-23,76,2,butterflies,How do you know that it is not real?,0,0,0,1,0,0,0,0,0,0,0,0,0,1,
06_2-3-23,2-3-23,76,3,bubbles,Spontaneous,0,0,0,0,0,0,0,0,0,0,0,0,0,0,
06_2-3-23,2-3-23,76,3,bubbles,What do you see on the screen?,0,0,0,0,1,0,0,0,0,0,0,0,0,0,
06_2-3-23,2-3-23,76,3,bubbles,Is there anything on the screen that is real?,0,1,0,1,0,0,0,0,0,0,0,0,0,0,
06_2-3-23,2-3-23,76,3,bubbles,How do you know that it is real?,0,0,0,0,0,0,0,0,0,0,0,0,0,0,
06_2-3-23,2-3-23,76,3,bubbles,Is there anything on the screen that is not real?,0,0,0,0,1,0,0,0,0,0,0,0,0,0,
06_2-3-23,2-3-23,76,3,bubbles,How do you know that it is not real?,0,0,0,1,0,0,0,0,0,0,0,0,0,0,
06_2-3-23,2-3-23,76,4,balloons,Spontaneous,0,0,0,0,0,0,0,0,0,0,0,0,0,0,
06_2-3-23,2-3-23,76,4,balloons,What do you see on the screen?,0,0,0,0,1,0,0,0,0,0,0,0,0,0,
06_2-3-23,2-3-23,76,4,balloons,Is there anything on the screen that is real?,0,0,0,0,0,0,0,0,0,0,0,0,0,0,
06_2-3-23,2-3-23,76,4,balloons,How do you know that it is real?,0,0,0,0,0,0,0,0,0,0,0,0,0,0,
06_2-3-23,2-3-23,76,4,balloons,Is there anything on the screen that is not real?,0,0,0,0,1,0,0,0,0,0,0,0,0,0,
06_2-3-23,2-3-23,76,4,balloons,How do you know that its not real?,0,0,0,1,0,0,0,0,1,0,0,0,0,0,
07_2-3-23,2-3-23,65,1,bubbles,Spontaneous,0,0,0,0,0,0,0,0,0,0,0,0,0,0,
07_2-3-23,2-3-23,65,1,bubbles,What do you see on the screen?,0,0,0,0,1,0,0,0,0,0,0,0,0,0,
07_2-3-23,2-3-23,65,1,bubbles,Is there anything on the screen that is real?,0,1,0,0,0,0,0,0,0,0,1,0,0,0,
07_2-3-23,2-3-23,65,1,bubbles,How do you know that its real?,0,0,0,0,0,0,0,1,0,0,0,0,0,0,
07_2-3-23,2-3-23,65,1,bubbles,Is there anything on the screen that is not real?,0,0,0,0,1,0,0,0,0,0,0,1,0,0,
07_2-3-23,2-3-23,65,1,bubbles,How do you know that its not real?,0,0,0,1,0,1,0,0,0,0,0,0,0,0,
07_2-3-23,2-3-23,65,2,balloons,Spontaneous,0,0,0,0,0,0,0,0,0,0,0,0,0,0,
07_2-3-23,2-3-23,65,2,balloons,What do you see on the screen?,0,0,0,0,1,0,0,0,0,0,0,0,0,0,
07_2-3-23,2-3-23,65,2,balloons,Is there anything on the screen that is real?,0,1,0,0,0,0,0,0,0,0,0,0,0,0,
07_2-3-23,2-3-23,65,2,balloons,How do you know that its real?,0,0,0,0,0,0,0,0,0,0,0,0,0,0,
07_2-3-23,2-3-23,65,2,balloons,Is there anything on the screen that is not real?,0,0,0,0,1,0,0,0,0,0,0,0,0,0,
07_2-3-23,2-3-23,65,2,balloons,How do you know that its not real?,0,0,0,1,0,0,0,0,1,0,0,0,0,0,
07_2-3-23,2-3-23,65,3,butterflies,Spontaneous,0,0,0,0,0,0,0,0,0,0,0,0,0,0,
07_2-3-23,2-3-23,65,3,butterflies,What do you see on the screen?,1,0,0,0,1,0,0,0,1,0,0,0,0,1,
07_2-3-23,2-3-23,65,3,butterflies,Is there anything on the screen that is real?,0,1,0,0,0,0,0,0,0,0,1,0,0,0,
07_2-3-23,2-3-23,65,3,butterflies,How do you know that its real?,0,1,0,0,0,0,0,0,0,0,0,0,0,0,
07_2-3-23,2-3-23,65,3,butterflies,Is there anything on the screen that is not real?,0,0,0,0,1,0,0,0,0,0,0,0,0,1,
07_2-3-23,2-3-23,65,3,butterflies,How do you know that its not real?,0,1,0,0,0,0,0,0,1,0,0,0,0,1,
07_2-3-23,2-3-23,65,4,hair,Spontaneous,0,0,0,0,0,0,0,0,0,0,0,0,0,0,
07_2-3-23,2-3-23,65,4,hair,What do you see on the screen?,0,0,0,0,1,0,0,0,1,0,0,0,0,0,
07_2-3-23,2-3-23,65,4,hair,Is there anything on the screen that is real?,0,1,0,0,0,0,0,0,1,0,0,1,0,0,
07_2-3-23,2-3-23,65,4,hair,How do you know that it is real?,0,0,0,0,0,1,0,0,1,0,0,0,0,1,
07_2-3-23,2-3-23,65,4,hair,Is there anything on the screen that not real?,0,0,0,0,1,0,0,0,1,0,0,0,0,1,
07_2-3-23,2-3-23,65,4,hair,How do you know that it is not real?,0,0,0,0,0,1,0,0,0,0,0,0,0,1,
08_2-3-23,2-3-23,43,1,balloons,Spontaneous,0,0,0,0,0,0,0,0,0,0,0,0,0,0,
08_2-3-23,2-3-23,43,1,balloons,What do you see on the screen?,0,0,0,0,1,0,0,0,0,0,0,0,0,0,
08_2-3-23,2-3-23,43,1,balloons,Is there anything on the screen that is real?,0,0,1,0,1,0,0,0,0,0,0,0,0,0,
08_2-3-23,2-3-23,43,1,balloons,How do you know that its real?,0,0,0,0,0,0,0,0,0,0,0,0,0,0,
08_2-3-23,2-3-23,43,1,balloons,Is there anything on the screen that is not real?,0,0,0,0,1,0,0,0,1,0,0,0,0,0,
08_2-3-23,2-3-23,43,1,balloons,How do you know that its not real?,0,0,0,0,0,0,0,1,1,0,0,0,0,0,
08_2-3-23,2-3-23,43,2,bubbles,Spontaneous,0,0,0,0,0,0,0,0,0,0,0,0,0,0,
08_2-3-23,2-3-23,43,2,bubbles,What do you see on the screen?,0,0,0,0,1,0,0,0,0,0,0,1,0,0,
08_2-3-23,2-3-23,43,2,bubbles,Is there anything on the screen that is real?,0,0,0,0,1,0,0,0,0,0,0,0,0,0,
08_2-3-23,2-3-23,43,2,bubbles,How do you know that it is real?,0,0,0,0,0,0,0,0,0,0,0,0,0,0,
08_2-3-23,2-3-23,43,2,bubbles,Is there anything on the screen that is not real?,0,0,1,0,0,0,0,0,0,0,0,0,0,0,
08_2-3-23,2-3-23,43,2,bubbles,How do you know that it is not real?,0,0,0,0,0,0,0,1,0,0,0,0,0,0,
08_2-3-23,2-3-23,43,3,hair,Spontaneous,0,0,0,0,0,0,0,0,0,0,0,0,0,0,
08_2-3-23,2-3-23,43,3,hair,What do you see on the screen?,1,0,0,0,0,0,0,0,1,0,0,0,0,1,
08_2-3-23,2-3-23,43,3,hair,Is there anything on the screent that is real?,0,0,0,1,0,0,0,0,0,0,0,0,0,0,
08_2-3-23,2-3-23,43,3,hair,How do you know that it is real?,0,0,0,0,0,0,0,1,0,0,0,0,0,0,
08_2-3-23,2-3-23,43,3,hair,Is there anything on the screen that is not real?,0,0,0,0,0,0,0,0,0,0,0,0,0,0,
08_2-3-23,2-3-23,43,3,hair,How do you know that it is not real?,0,0,0,0,0,0,0,1,0,0,0,0,0,0,
08_2-3-23,2-3-23,43,4,butterflies,Spontaneous,0,0,0,0,0,0,0,0,0,0,0,0,0,0,
08_2-3-23,2-3-23,43,4,butterflies,What do you see on the screen?,1,0,0,0,0,0,0,0,0,0,0,0,0,1,
08_2-3-23,2-3-23,43,4,butterflies,Is there anything on the screen that is real?,0,0,0,0,1,0,0,0,0,0,0,0,0,1,
08_2-3-23,2-3-23,43,4,butterflies,How do you know that it is real?,0,0,0,0,0,0,0,1,0,0,0,0,0,0,
08_2-3-23,2-3-23,43,4,butterflies,Is there anything on the screen that is not real?,0,0,0,1,0,0,0,1,0,0,0,0,0,0,
08_2-3-23,2-3-23,43,4,butterflies,How do you know that it is not real?,0,0,0,0,0,0,0,1,0,0,0,0,0,0,
09_2-3-23,2-3-23,48,1,butterflies,Spontaneous,0,0,0,0,0,0,0,0,0,0,0,0,0,0,
09_2-3-23,2-3-23,48,1,butterflies,What do you see on the screen?,0,0,0,0,1,0,0,0,0,0,0,0,0,1,
09_2-3-23,2-3-23,48,1,butterflies,Is there anything on the screen that is real?,0,1,0,0,0,0,0,0,0,0,0,0,0,0,
09_2-3-23,2-3-23,48,1,butterflies,How do you know that it is real?,0,0,0,0,0,0,0,1,0,0,0,0,0,0,
09_2-3-23,2-3-23,48,1,butterflies,Is there anything on the screen that is not real?,0,1,0,0,0,0,0,0,0,0,0,0,0,0,
09_2-3-23,2-3-23,48,1,butterflies,How do you know that it is not real?,0,0,0,0,0,0,0,1,0,0,0,0,0,1,
09_2-3-23,2-3-23,48,2,hair,Spontaneous,0,0,0,0,0,0,0,0,0,0,0,0,0,0,
09_2-3-23,2-3-23,48,2,hair,What do you see on the screen?,0,0,0,0,0,0,0,1,0,0,0,0,0,1,
09_2-3-23,2-3-23,48,2,hair,Is there anything on the screen that is real?,0,0,0,0,0,0,0,1,0,0,0,0,0,0,
09_2-3-23,2-3-23,48,2,hair,How do you know that it is real?,0,0,0,0,0,0,0,1,0,0,0,0,0,0,
09_2-3-23,2-3-23,48,2,hair,Is there anything on the screen that is not real?,0,0,0,0,0,0,0,1,0,0,0,0,0,0,
09_2-3-23,2-3-23,48,2,hair,How do you know that it is not real?,0,1,0,1,0,0,0,0,0,0,0,0,0,0,
09_2-3-23,2-3-23,48,3,balloons,Spontaneous,0,0,0,0,0,0,0,0,0,0,0,0,0,0,
09_2-3-23,2-3-23,48,3,balloons,What do you see on the screen?,1,0,0,0,1,0,0,0,0,0,0,0,0,0,
09_2-3-23,2-3-23,48,3,balloons,Is there anything on the screen that is real?,0,0,0,0,1,0,0,0,0,0,0,0,0,0,
09_2-3-23,2-3-23,48,3,balloons,How do you know that it is real?,0,0,0,0,0,0,0,1,0,0,0,0,0,0,
09_2-3-23,2-3-23,48,3,balloons,Is there anything on the screen that is not real?,0,0,0,1,0,0,0,0,0,0,0,0,0,0,
09_2-3-23,2-3-23,48,3,balloons,How do you know that is not real?,0,0,0,0,0,0,0,1,0,0,0,0,0,0,
09_2-3-23,2-3-23,48,4,bubbles,Spontaneous,0,0,0,0,0,0,0,0,0,0,0,0,0,0,
09_2-3-23,2-3-23,48,4,bubbles,What do you see on the screen?,0,0,0,0,1,0,0,0,0,0,0,0,0,0,
09_2-3-23,2-3-23,48,4,bubbles,Is there anything on the screen that is real?,0,0,0,0,0,0,0,1,0,0,0,0,0,0,
09_2-3-23,2-3-23,48,4,bubbles,How do you know that it is real?,0,0,0,0,0,0,0,1,0,0,0,0,0,0,
09_2-3-23,2-3-23,48,4,bubbles,Is there anything on the screen that is not real?,0,0,0,0,1,0,0,0,0,0,0,0,0,0,
09_2-3-23,2-3-23,48,4,bubbles,How do you know that it is not real?,0,0,0,0,0,0,0,1,0,0,0,0,0,0,
12_2-4-23,2-4-23,95,1,balloons,Spontaneous,0,0,0,0,0,0,0,0,0,0,0,0,0,0,
12_2-4-23,2-4-23,95,1,balloons,What do you see on the screen?,0,1,0,0,1,0,0,0,0,0,0,0,0,0,
12_2-4-23,2-4-23,95,1,balloons,Is there anything on the screen that is real?,0,0,0,1,0,0,0,0,0,0,0,0,0,0,
12_2-4-23,2-4-23,95,1,balloons,How do you know that it is real?,0,0,0,1,0,0,0,0,0,0,0,0,0,0,
12_2-4-23,2-4-23,95,1,balloons,Is there anything on the screen that is not real?,0,0,0,0,1,0,0,0,0,0,0,0,0,0,
12_2-4-23,2-4-23,95,1,balloons,How do you know that it is not real?,0,0,0,1,0,0,0,0,0,0,0,0,0,0,
12_2-4-23,2-3-23,95,2,bubbles,Spontaneous,0,0,0,0,0,0,0,0,0,0,0,0,0,0,
12_2-4-23,2-4-23,95,2,bubbles,What do you see on the screen?,0,0,0,0,1,0,0,0,0,0,0,0,0,0,
12_2-4-23,2-4-23,95,2,bubbles,Is there anything on the screen that is real?,0,1,0,0,0,0,0,0,0,0,0,0,0,0,
12_2-4-23,2-4-23,95,2,bubbles,How do you know that it is real?,0,0,0,0,0,0,0,0,0,0,0,0,0,0,
12_2-4-23,2-4-23,95,2,bubbles,Is there anything on the screen that is not real?,0,0,0,0,0,0,0,1,0,0,0,0,0,0,
12_2-4-23,2-4-23,95,2,bubbles,How do you know that it is not real?,0,0,0,1,0,0,0,0,0,0,0,0,0,0,
12_2-4-23,2-4-23,95,3,hair,Spontaneous,0,0,0,0,0,0,0,0,0,0,0,0,0,0,
12_2-4-23,2-4-23,95,3,hair,What do you see on the screen?,1,0,0,0,1,0,0,0,0,0,0,0,0,1,
12_2-4-23,2-4-23,95,3,hair,Is there anything on the screen that is real?,0,1,0,1,0,0,0,0,0,0,0,0,0,0,
12_2-4-23,2-4-23,95,3,hair,How do you know that it is real?,0,0,0,1,0,0,0,0,0,0,0,0,0,0,
12_2-4-23,2-4-23,95,3,hair,Is there anything on the screen that is not real?,0,0,0,0,1,0,0,0,0,0,0,0,0,0,
12_2-4-23,2-4-23,95,3,hair,How do you know that it is not real?,0,1,0,0,0,0,0,0,0,0,0,0,0,0,
12_2-4-23,2-4-23,95,4,butterflies,Spontaneous,0,0,0,0,0,0,0,0,0,0,0,0,0,0,
12_2-4-23,2-4-23,95,4,butterflies,What do you see on the screen?,1,0,0,0,1,0,0,0,0,0,0,0,0,0,
12_2-4-23,2-4-23,95,4,butterflies,Is there anything on the screen that is real?,0,0,0,1,0,0,0,0,0,0,0,0,0,0,
12_2-4-23,2-4-23,95,4,butterflies,How do you know that it is real?,0,0,0,1,0,0,0,0,0,0,0,0,0,0,
12_2-4-23,2-4-23,95,4,butterflies,Is there anything on the screen that is not real?,0,0,0,0,1,0,0,0,0,0,0,0,0,0,
12_2-4-23,2-4-23,95,4,butterflies,How do you know that it is not real?,0,1,0,0,0,0,0,0,0,0,0,0,0,0,
13_2-4-23,2-4-23,83,1,butterflies,Spontaneous,0,0,0,0,0,0,0,0,0,0,0,0,0,0,
13_2-4-23,2-4-23,83,1,butterflies,What do you see on the screen?,0,0,0,0,1,0,0,0,0,0,0,0,0,0,
13_2-4-23,2-4-23,83,1,butterflies,Is there anything on the screen that is real?,0,0,0,1,0,0,0,0,0,0,0,0,0,0,
13_2-4-23,2-4-23,83,1,butterflies,How do you know that it is real?,0,0,0,0,0,0,0,1,0,0,0,0,0,0,
13_2-4-23,2-4-23,83,1,butterflies,Is there anything on the screen that is not real?,0,0,0,0,1,0,0,0,0,0,0,0,0,0,
13_2-4-23,2-4-23,83,1,butterflies,How do you know that it is not real?,0,0,0,0,0,0,0,1,0,0,0,0,0,0,
13_2-4-23,2-4-23,83,2,hair,Spontaneous,0,0,0,0,0,0,0,0,0,0,0,0,0,0,
13_2-4-23,2-4-23,83,2,hair,What do you see on the screen?,0,0,0,0,0,0,0,1,0,0,0,0,0,0,
13_2-4-23,2-4-23,83,2,hair,Is there anything on the screen that is real?,0,0,0,1,0,0,0,0,0,0,0,0,0,0,
13_2-4-23,2-4-23,83,2,hair,How do you know that it is real?,0,0,0,0,0,0,0,0,0,0,0,0,0,0,
13_2-4-23,2-4-23,83,2,hair,Is there anything on the screen that is not real?,1,0,0,0,1,0,0,0,0,0,0,0,0,1,
13_2-4-23,2-4-23,83,2,hair,How do you know that it is not real?,0,1,0,0,0,0,0,0,0,0,0,0,0,1,
13_2-4-23,2-4-23,83,3,balloons,Spontaneous,0,0,0,0,0,0,0,0,0,0,0,0,0,0,
13_2-4-23,2-4-23,83,3,balloons,What do you see on the screen?,0,0,0,0,1,0,0,0,1,0,0,0,0,0,
13_2-4-23,2-4-23,83,3,balloons,Is there anything on the screen that is real?,0,0,0,1,0,0,0,0,0,0,0,0,0,0,
13_2-4-23,2-4-23,83,3,balloons,How do you know that it is real?,0,0,0,0,0,1,0,0,0,0,0,0,0,0,
13_2-4-23,2-4-23,83,3,balloons,Is there anything on the screen that is not real?,0,0,0,0,1,0,0,0,0,0,0,0,0,0,
13_2-4-23,2-4-23,83,3,balloons,How do you know that it is not real?,0,0,0,1,0,0,0,0,0,0,0,0,0,0,
13_2-4-23,2-4-23,83,4,bubbles,Spontaneous,0,0,0,0,0,0,0,0,0,0,0,0,0,0,
13_2-4-23,2-4-23,83,4,bubbles,What do you see on the screen?,0,0,0,0,1,0,0,0,0,0,0,0,0,0,
13_2-4-23,2-4-23,83,4,bubbles,Is there anything on the screen that is real?,0,0,0,0,0,0,0,0,0,0,0,0,0,0,
13_2-4-23,2-4-23,83,4,bubbles,How do you know that it is real?,0,0,0,0,0,0,0,0,0,0,0,0,0,0,
13_2-4-23,2-4-23,83,4,bubbles,Is there anything on the screen that is not real?,0,0,0,0,1,0,0,0,0,0,0,0,0,0,
13_2-4-23,2-4-23,83,4,bubbles,How do you know that it is not real?,0,0,0,1,0,0,0,0,0,0,0,0,0,0,
14_2-4-23,2-4-23,100,1,hair,Spontaneous,0,0,0,0,0,0,0,0,0,0,0,0,0,0,
14_2-4-23,2-4-23,100,1,hair,What do you see on the screen?,1,0,0,0,0,0,0,0,0,0,0,0,0,1,
14_2-4-23,2-4-23,100,1,hair,Is there anything on the screen that is real?,0,1,0,0,0,0,0,0,0,0,0,0,0,0,
14_2-4-23,2-4-23,100,1,hair,How do you know that it is real?,0,0,0,0,0,0,0,1,0,0,1,0,0,0,
14_2-4-23,2-4-23,100,1,hair,Is there anything on the screen that is not real?,0,0,0,0,1,0,0,0,0,0,0,0,0,0,
14_2-4-23,2-4-23,100,1,hair,How do you know that it is not real?,0,1,0,0,0,0,0,0,0,0,0,0,0,1,
14_2-4-23,2-4-23,100,2,butterflies,Spontaneous,0,0,0,0,0,0,0,0,0,0,0,0,0,0,
14_2-4-23,2-4-23,100,2,butterflies,What do you see on the screen?,1,0,0,0,1,0,0,0,0,0,0,0,0,1,
14_2-4-23,2-4-23,100,2,butterflies,Is there anything on the screen that is real?,0,0,0,1,0,0,0,0,0,0,0,0,0,0,
14_2-4-23,2-4-23,100,2,butterflies,How do you know that it is real?,0,0,0,1,0,0,0,0,0,0,0,0,0,0,
14_2-4-23,2-4-23,100,2,butterflies,Is there anything on the screen that is not real?,0,0,0,0,1,0,0,0,0,0,0,0,0,1,
14_2-4-23,2-4-23,100,2,butterflies,How do you know that it is not real?,0,1,0,0,0,0,0,0,0,0,0,0,0,1,
14_2-4-23,2-4-23,100,3,bubbles,Spontaneous,0,0,0,0,0,0,0,0,0,0,0,0,0,0,
14_2-4-23,2-4-23,100,3,bubbles,What do you see on the screen?,1,0,0,0,1,0,0,0,0,0,0,0,0,0,
14_2-4-23,2-4-23,100,3,bubbles,Is there anything on the screen that is real?,0,0,0,1,0,0,0,0,0,0,0,0,0,0,
14_2-4-23,2-4-23,100,3,bubbles,How do you know that it is real?,0,0,0,1,0,0,0,0,0,0,0,0,0,0,
14_2-4-23,2-4-23,100,3,bubbles,Is there anything on the screen that is not real?,0,0,0,1,0,0,0,0,0,0,0,0,0,0,
14_2-4-23,2-4-23,100,3,bubbles,How do you know that it is not real?,0,0,0,1,0,0,0,0,0,0,0,0,0,0,
14_2-4-23,2-4-23,100,4,balloons,Spontaneous,0,0,0,0,0,0,0,0,0,0,0,0,0,0,
14_2-4-23,2-4-23,100,4,balloons,What do you see on the screen?,0,0,0,0,1,0,0,0,0,0,0,0,0,0,
14_2-4-23,2-4-23,100,4,balloons,Is there anything on the screen that is real?,0,1,0,0,0,0,0,0,0,0,0,0,0,0,
14_2-4-23,2-4-23,100,4,balloons,How do you know that it is real?,0,0,0,0,0,1,0,0,0,0,0,0,0,0,
14_2-4-23,2-4-23,100,4,balloons,Is there anything on the screen that is not real?,0,0,0,0,1,0,0,0,0,0,0,0,0,0,
14_2-4-23,2-4-23,100,4,balloons,How do you know that it is not real?,0,0,0,1,0,0,0,0,0,0,0,0,0,0,
15_2-4-23,2-4-23,117,1,bubbles,Spontaneous,0,0,0,0,0,0,0,0,0,0,0,0,0,0,
15_2-4-23,2-4-23,117,1,bubbles,What do you see on the screen?,0,0,0,0,1,0,0,0,0,0,0,0,0,0,
15_2-4-23,2-4-23,117,1,bubbles,Is there anything on the screen that is real?,0,1,0,0,0,0,0,0,0,0,0,0,0,0,
15_2-4-23,2-4-23,117,1,bubbles,How do you know that it is real?,0,0,0,0,0,1,0,0,0,0,0,0,0,0,
15_2-4-23,2-4-23,117,1,bubbles,Is there anything on the screen that is not real?,0,0,0,0,1,0,0,0,0,0,0,0,0,0,
15_2-4-23,2-4-23,117,1,bubbles,How do you know that it is not real?,0,1,0,0,0,0,0,0,0,0,0,0,0,0,
15_2-4-23,2-4-23,117,2,balloons,Spontaneous,0,0,0,0,0,0,0,0,0,0,0,0,0,0,
15_2-4-23,2-4-23,117,2,balloons,What do you see on the screen?,0,0,0,0,1,0,0,0,0,0,0,0,0,0,
15_2-4-23,2-4-23,117,2,balloons,Is there anything on the screen that is real?,0,0,0,0,0,0,0,0,0,0,0,0,0,0,
15_2-4-23,2-4-23,117,2,balloons,How do you know that it is real?,0,0,0,0,0,0,0,0,0,0,0,0,0,0,
15_2-4-23,2-4-23,117,2,balloons,Is there anything on the screen that is not real?,0,0,0,0,1,0,0,0,0,0,0,0,0,0,
15_2-4-23,2-4-23,117,2,balloons,How do you know that it is not real?,0,0,0,1,0,0,0,0,0,0,0,0,0,0,
15_2-4-23,2-4-23,117,3,butterflies,Spontaneous,0,0,0,0,0,0,0,0,0,0,0,0,0,0,
15_2-4-23,2-4-23,117,3,butterflies,What do you see on the screen?,0,0,0,0,1,0,0,0,0,0,0,0,0,1,
15_2-4-23,2-4-23,117,3,butterflies,Is there anything on the screen that is real?,0,0,0,1,0,0,0,0,0,0,0,0,0,0,
15_2-4-23,2-4-23,117,3,butterflies,How do you know that it is real?,0,0,0,1,0,1,0,0,0,0,0,0,0,0,
15_2-4-23,2-4-23,117,3,butterflies,Is there anything on the screen that is not real?,0,0,0,0,1,0,0,0,0,0,0,0,0,0,
15_2-4-23,2-4-23,117,3,butterflies,How do you know that it is not real?,0,0,0,0,0,1,0,0,0,0,0,0,0,0,
15_2-4-23,2-4-23,117,4,hair,Spontaneous,0,0,0,0,0,0,0,0,0,0,0,0,0,0,
15_2-4-23,2-4-23,117,4,hair,What do you see on the screen?,0,0,0,0,1,0,0,0,0,0,0,0,0,1,
15_2-4-23,2-4-23,117,4,hair,Is there anything on the screen that is real?,0,0,0,1,0,0,0,0,0,0,0,0,0,0,
15_2-4-23,2-4-23,117,4,hair,How do you know that it is real?,0,0,0,0,0,1,0,0,0,0,0,0,0,0,
15_2-4-23,2-4-23,117,4,hair,Is there anything on the screen that is not real?,0,0,0,0,1,0,0,0,0,0,0,0,0,0,
15_2-4-23,2-4-23,117,4,hair,How do you know that it is not real?,0,1,0,0,0,0,0,0,0,0,0,0,0,1,
17_2-4-23,2-4-23,75,1,balloons,Spontaneous,0,0,0,0,0,0,0,0,0,0,0,0,0,0,
17_2-4-23,2-4-23,75,1,balloons,What do you see on the screen?,0,0,0,0,1,0,0,0,0,0,0,0,0,0,
17_2-4-23,2-4-23,75,1,balloons,Is there anything on the screen that is real?,0,0,0,1,0,0,0,0,0,0,0,0,0,0,
17_2-4-23,2-4-23,75,1,balloons,How do you know that it is real?,0,0,0,0,0,1,0,0,0,0,0,0,0,0,
17_2-4-23,2-4-23,75,1,balloons,Is there anything on the screen that is not real?,0,0,0,0,1,0,0,0,0,0,0,0,0,0,
17_2-4-23,2-4-23,75,1,balloons,How do you know that it is not real?,0,0,0,1,0,0,0,0,0,0,0,0,0,0,
17_2-4-23,2-4-23,75,2,bubbles,Spontaneous,0,0,0,0,0,0,0,0,0,0,0,0,0,0,
17_2-4-23,2-4-23,75,2,bubbles,What do you see on the screen?,0,0,0,0,1,0,0,0,0,0,0,0,0,0,
17_2-4-23,2-4-23,75,2,bubbles,Is there anything on the screen that is real?,0,1,0,0,0,0,0,0,0,0,0,0,0,0,
17_2-4-23,2-4-23,75,2,bubbles,How do you know that it is real?,0,0,0,0,0,1,0,0,0,0,0,0,0,0,
17_2-4-23,2-4-23,75,2,bubbles,Is there anything on the screen that is not real?,0,0,0,0,1,0,0,0,0,0,0,0,0,0,
17_2-4-23,2-4-23,75,2,bubbles,How do you know that it is not real?,0,0,0,1,0,0,0,0,0,0,0,0,0,0,
17_2-4-23,2-4-23,75,3,hair,Spontaneous,0,0,0,0,0,0,0,0,0,0,0,0,0,0,
17_2-4-23,2-4-23,75,3,hair,What do you see on the screen?,0,0,0,0,1,0,0,0,0,0,0,0,0,0,
17_2-4-23,2-4-23,75,3,hair,Is there anything on the screen that is real?,0,0,0,1,0,0,0,0,0,0,0,0,0,0,
17_2-4-23,2-4-23,75,3,hair,How do you know that it is real?,0,0,0,1,0,0,0,0,0,0,0,0,0,0,
17_2-4-23,2-4-23,75,3,hair,Is there anything on the screen that is not real?,0,0,0,0,1,0,0,0,0,0,0,0,0,1,
17_2-4-23,2-4-23,75,3,hair,How do you know that it is not real?,0,1,0,0,0,0,0,0,0,0,0,0,0,0,
17_2-4-23,2-4-23,75,4,butterflies,Spontaneous,0,0,0,0,0,0,0,0,0,0,0,0,0,0,
17_2-4-23,2-4-23,75,4,butterflies,What do you see on the screen?,1,0,0,0,0,0,0,0,0,0,0,0,0,0,
17_2-4-23,2-4-23,75,4,butterflies,Is there anything on the screen that is real?,0,0,0,1,0,0,0,0,0,0,0,0,0,0,
17_2-4-23,2-4-23,75,4,butterflies,How do you know that it is real?,0,0,0,0,0,1,0,0,0,0,0,0,0,0,
17_2-4-23,2-4-23,75,4,butterflies,Is there anything on the screen that is not real?,0,0,0,0,1,0,0,0,0,0,0,0,0,0,
17_2-4-23,2-4-23,75,4,butterflies,How do you know that it is not real?,0,0,1,0,0,1,0,0,0,0,0,0,0,1,
18_2-4-23,2-4-23,81,1,butterflies,Spontaneous,0,0,0,0,0,0,0,0,0,0,0,0,0,0,
18_2-4-23,2-4-23,81,1,butterflies,What do you see on the screen?,0,0,0,0,1,0,0,0,0,0,0,0,0,0,
18_2-4-23,2-4-23,81,1,butterflies,Is there anything on the screen that is real?,0,1,0,0,1,0,0,0,0,0,0,0,0,0,
18_2-4-23,2-4-23,81,1,butterflies,How do you know that it is real?,0,0,0,0,0,0,0,1,0,0,0,0,0,0,
18_2-4-23,2-4-23,81,1,butterflies,Is there anything on the screen that is not real?,0,0,0,0,0,0,0,0,0,0,0,0,0,0,
18_2-4-23,2-4-23,81,1,butterflies,How do you know that it is not real?,0,0,0,0,0,0,0,0,0,0,0,0,0,0,
18_2-4-23,2-4-23,81,2,hair,Spontaneous,0,0,0,0,0,0,0,0,0,0,0,0,0,0,
18_2-4-23,2-4-23,81,2,hair,What do you see on the screen?,1,0,0,0,0,0,0,0,0,0,0,0,0,0,
18_2-4-23,2-4-23,81,2,hair,Is there anything on the screen that is real?,0,1,0,0,0,0,0,0,0,0,0,0,0,0,
18_2-4-23,2-4-23,81,2,hair,How do you know that it is real?,0,0,0,0,0,0,0,1,0,0,0,0,0,0,
18_2-4-23,2-4-23,81,2,hair,Is there anything on the screen that is not real?,0,0,0,0,1,0,0,0,0,0,0,0,0,0,
18_2-4-23,2-4-23,81,2,hair,How do you know that it is not real?,0,0,0,0,0,0,0,0,0,0,0,0,0,0,
18_2-4-23,2-4-23,81,3,balloons,Spontaneous,0,0,0,0,0,0,0,0,0,0,0,0,0,0,
18_2-4-23,2-4-23,81,3,balloons,What do you see on the screen?,0,0,0,0,1,0,0,0,0,0,0,0,0,0,
18_2-4-23,2-4-23,81,3,balloons,Is there anything on the screen that is real?,0,0,0,0,0,0,0,0,0,0,0,0,0,0,
18_2-4-23,2-4-23,81,3,balloons,How do you know that it is real?,0,0,0,0,0,0,0,0,0,0,0,0,0,0,
18_2-4-23,2-4-23,81,3,balloons,Is there anything on the screen that is not real?,0,0,0,0,1,0,0,0,0,0,0,0,0,0,
18_2-4-23,2-4-23,81,3,balloons,How do you know that it is not real?,0,0,0,0,0,0,1,0,0,0,0,0,0,0,
18_2-4-23,2-4-23,81,4,bubbles,Spontaneous,0,0,0,0,0,0,0,0,0,0,0,0,0,0,
18_2-4-23,2-4-23,81,4,bubbles,What do you see on the screen?,0,0,0,0,1,0,0,0,0,0,0,0,0,0,
18_2-4-23,2-4-23,81,4,bubbles,Is there anything on the screen that is real?,0,0,0,0,0,0,0,0,0,0,0,0,0,0,
18_2-4-23,2-4-23,81,4,bubbles,How do you know that it is real?,0,0,0,0,0,0,0,0,0,0,0,0,0,0,
18_2-4-23,2-4-23,81,4,bubbles,Is there anything on the screen that is not real?,0,0,0,0,1,0,0,0,0,0,0,0,0,0,
18_2-4-23,2-4-23,81,4,bubbles,How do you know that is not real?,0,0,0,1,0,0,0,0,0,0,0,0,0,0,
19_2-4-23,2-4-23,110.5,1,hair,Spontaneous,0,0,0,0,0,0,0,0,0,0,0,0,0,0,
19_2-4-23,2-4-23,110.5,1,hair,What do you see on the screen?,0,0,0,0,0,0,1,0,0,0,0,0,0,0,
19_2-4-23,2-4-23,110.5,1,hair,Is there anything on the screen that is real?,0,1,0,1,0,0,0,0,0,0,0,0,0,0,
19_2-4-23,2-4-23,110.5,1,hair,How do you know that it is real?,0,0,0,1,0,0,0,0,0,0,0,0,0,0,
19_2-4-23,2-4-23,110.5,1,hair,Is there anything on the screen that is not real?,0,0,0,0,1,0,0,0,0,0,0,0,0,0,
19_2-4-23,2-4-23,110.5,1,hair,How do you know that it is not real?,0,0,0,0,0,1,0,0,0,0,0,0,0,1,
19_2-4-23,2-4-23,110.5,2,butterflies,Spontaneous,0,0,0,0,0,0,0,0,0,0,0,0,0,0,
19_2-4-23,2-4-23,110.5,2,butterflies,What do you see on the screen?,1,0,0,0,0,0,0,0,0,0,0,0,0,0,
19_2-4-23,2-4-23,110.5,2,butterflies,Is there anything on the screen that is real?,0,1,0,0,0,0,0,0,0,0,0,0,0,0,
19_2-4-23,2-4-23,110.5,2,butterflies,How do you know that it is real?,0,0,0,0,0,0,1,0,0,0,0,0,0,0,
19_2-4-23,2-4-23,110.5,2,butterflies,Is there anything on the screen that is not real?,0,0,0,0,1,0,0,0,0,0,0,0,0,0,
19_2-4-23,2-4-23,110.5,2,butterflies,How do you know that it is not real?,0,0,0,0,0,1,0,0,0,0,0,0,0,0,
19_2-4-23,2-4-23,110.5,3,bubbles,Spontaneous,0,0,0,1,0,0,0,0,0,0,0,0,0,0,
19_2-4-23,2-4-23,110.5,3,bubbles ,What do you see on the screen?,0,0,0,0,1,0,0,0,0,0,0,0,0,0,
19_2-4-23,2-4-23,110.5,3,bubbles,Is there anything on the screen that is real?,0,1,0,1,0,0,0,0,0,0,0,0,0,0,
19_2-4-23,2-4-23,110.5,3,bubbles,How do you know that it is real?,0,0,0,0,0,0,0,0,0,0,0,0,0,0,
19_2-4-23,2-4-23,110.5,3,bubbles,Is there anything on the screen that is not real?,1,0,0,0,0,0,0,0,0,0,0,0,0,0,
19_2-4-23,2-4-23,110.5,3,bubbles,How do you know that it is not real?,0,0,0,0,0,0,0,0,0,0,0,0,0,0,
19_2-4-23,2-4-23,110.5,4,balloons,Spontaneous,0,0,0,1,0,0,0,0,0,0,0,0,0,0,
19_2-4-23,2-4-23,110.5,4,balloons,What do you see on the screen?,0,0,0,0,1,0,0,0,1,0,0,0,0,0,
19_2-4-23,2-4-23,110.5,4,balloons,Is there anything on the screen that is real?,0,1,0,0,0,0,0,0,0,0,0,0,0,0,
19_2-4-23,2-4-23,110.5,4,balloons,How do you know that it is real?,0,0,0,1,0,1,0,0,0,0,0,0,0,0,
19_2-4-23,2-4-23,110.5,4,balloons,Is there anything on the screen that is not real?,0,0,1,0,1,0,0,0,0,0,0,0,0,0,
19_2-4-23,2-4-23,110.5,4,balloons,How do you know that it is not real?,0,0,0,1,0,0,0,0,0,0,0,0,0,0,
20_2-4-23,2-4-23,68,1,hair,Spontaneous,0,0,0,0,0,0,0,0,1,0,0,0,0,1,
20_2-4-23,2-4-23,68,1,hair,What do you see on the screen?,1,0,0,0,0,0,0,0,0,0,0,0,0,0,
20_2-4-23,2-4-23,68,1,hair,Is there anything on the screen that is real?,0,0,0,0,0,0,0,0,0,0,0,0,0,0,
20_2-4-23,2-4-23,68,1,hair,How do you know that it is real?,0,0,0,0,0,0,0,1,0,0,0,0,0,0,
20_2-4-23,2-4-23,68,1,hair,Is there anything on the screen that is not real?,0,1,0,1,0,0,0,0,0,0,0,0,0,1,
20_2-4-23,2-4-23,68,1,hair,How do you know that it is not real?,0,0,0,1,0,0,0,0,0,0,0,0,0,0,
20_2-4-23,2-4-23,68,2,butterflies,Spontaneous,0,0,0,0,0,0,0,0,0,0,0,0,0,1,
20_2-4-23,2-4-23,68,2,butterflies,What do you see on the screen?,0,0,0,0,1,0,0,0,1,0,0,0,0,1,
20_2-4-23,2-4-23,68,2,butterflies,Is there anything on the screen that is real?,0,0,0,0,0,0,0,0,0,0,0,0,0,0,
20_2-4-23,2-4-23,68,2,butterflies,How do you know that it is real?,1,0,0,0,0,0,0,0,0,0,0,0,0,0,
20_2-4-23,2-4-23,68,2,butterflies,Is there anything on the screen that is not real?,0,0,0,1,0,0,0,0,0,0,0,0,0,0,
20_2-4-23,2-4-23,68,2,butterflies,How do you know that it is not real?,0,0,0,0,0,0,0,1,0,0,0,0,0,0,
20_2-4-23,2-4-23,68,3,bubbles,Spontaneous,0,0,0,0,1,0,0,0,1,0,0,0,0,1,
20_2-4-23,2-4-23,68,3,bubbles,What do you see on the screen?,0,0,0,0,1,0,0,0,0,0,0,0,0,0,
20_2-4-23,2-4-23,68,3,bubbles,Is there anything on the screen that is real?,0,0,0,1,0,0,0,0,0,0,0,0,0,0,
20_2-4-23,2-4-23,68,3,bubbles,How do you know that it is real?,0,0,1,0,1,0,0,0,0,0,0,0,0,0,
20_2-4-23,2-4-23,68,3,bubbles,Is there anything on the screen that is not real?,0,0,0,0,0,0,0,0,0,0,0,0,0,0,
20_2-4-23,2-4-23,68,3,bubbles,How do you know that it is not real?,0,0,1,0,0,0,0,0,0,0,0,0,0,0,
20_2-4-23,2-4-23,68,4,balloons,Spontaneous,0,0,0,0,1,0,0,0,1,0,0,0,0,0,
20_2-4-23,2-4-23,68,4,balloons,What do you see on the screen?,1,0,0,0,0,0,0,0,0,0,0,0,0,0,
20_2-4-23,2-4-23,68,4,balloons,Is there anything on the screen that is real?,0,1,0,0,0,0,0,0,0,0,0,0,0,0,
20_2-4-23,2-4-23,68,4,balloons,How do you know that it is real?,0,0,0,0,0,0,0,1,0,0,0,0,0,0,
20_2-4-23,2-4-23,68,4,balloons,Is there anything on the screen that is not real?,0,0,0,0,0,0,0,0,0,0,0,0,0,0,
20_2-4-23,2-4-23,68,4,balloons,How do you know that it is not real?,0,0,0,0,0,0,0,1,0,0,0,0,0,0,
21_2-4-23,2-4-23,69,1,bubbles,Spontaneous,1,0,0,0,0,0,0,0,0,0,0,0,0,0,
21_2-4-23,2-4-23,69,1,bubbles,What do you see on the screen?,0,0,0,0,1,0,0,0,0,0,0,0,0,0,
21_2-4-23,2-4-23,69,1,bubbles,Is there anything on the screen that is real?,0,1,0,1,1,0,0,0,0,0,0,0,0,0,
21_2-4-23,2-4-23,69,1,bubbles,How do you know that it is real?,0,0,0,1,0,1,0,0,0,0,0,0,0,0,
21_2-4-23,2-4-23,69,1,bubbles,Is there anything on the screen that is not real?,1,0,0,0,1,0,0,0,0,0,0,0,0,0,
21_2-4-23,2-4-23,69,1,bubbles,How do you know that it is not real?,0,1,0,1,0,0,0,0,0,0,0,0,0,0,
21_2-4-23,2-4-23,69,2,balloons,Spontaneous,1,0,0,0,0,0,0,0,1,0,0,0,0,1,
21_2-4-23,2-4-23,69,2,balloons,What do you see on the screen?,0,0,0,0,1,0,0,0,0,0,0,0,0,0,
21_2-4-23,2-4-23,69,2,balloons,Is there anything on the screen that is real?,0,1,0,0,0,0,0,0,0,0,0,0,0,0,
21_2-4-23,2-4-23,69,2,balloons,How do you know that it is real?,0,0,0,0,0,1,0,0,0,0,0,0,0,0,
21_2-4-23,2-4-23,69,2,balloons,Is there anything on the screen that is not real?,0,0,0,0,1,0,0,0,0,0,0,0,0,1,
21_2-4-23,2-4-23,69,2,balloons,How do you know that it is not real?,0,0,0,0,0,0,0,0,1,0,0,0,0,0,
21_2-4-23,2-4-23,69,3,butterflies,Spontaneous,1,0,0,0,0,0,0,0,0,0,0,0,0,1,
21_2-4-23,2-4-23,69,3,butterflies,What do you see on the screen?,1,0,0,0,0,0,0,0,0,0,0,0,0,0,
21_2-4-23,2-4-23,69,3,butterflies,Is there anything on the screen that is real?,0,1,0,0,0,0,0,0,0,0,0,0,0,0,
21_2-4-23,2-4-23,69,3,butterflies,How do you know that it is real?,0,0,0,0,0,0,0,0,0,0,0,0,0,0,
21_2-4-23,2-4-23,69,3,butterflies,Is there anything on the screen that is not real?,0,1,0,0,1,0,0,0,0,0,0,0,0,0,
21_2-4-23,2-4-23,69,3,butterflies,How do you know that it is not real?,0,0,0,1,0,1,0,0,0,0,0,0,0,0,
21_2-4-23,2-4-23,69,4,hair,Spontaneous,0,0,0,0,0,0,0,0,0,0,0,0,0,1,
21_2-4-23,2-4-23,69,4,hair,What do you see on the screen?,1,0,0,0,0,0,0,0,0,0,0,0,0,1,
21_2-4-23,2-4-23,69,4,hair,Is there anything on the screen that is real?,0,1,0,0,0,0,0,0,0,0,0,0,0,0,
21_2-4-23,2-4-23,69,4,hair,How do you know that it is real?,0,0,0,0,0,1,0,0,0,0,0,0,0,0,
21_2-4-23,2-4-23,69,4,hair,Is there anything on the screen that is not real?,1,0,0,0,1,0,0,0,0,0,0,0,0,1,
21_2-4-23,2-4-23,69,4,hair,How do you know that it is not real?,0,1,0,0,0,1,0,0,0,0,0,0,0,0,
22_2-4-23,2-4-23,74,1,balloons,Spontaneous,0,0,0,0,0,0,0,0,0,0,0,0,0,0,
22_2-4-23,2-4-23,74,1,balloons,What do you see on the screen?,0,0,0,0,0,0,0,0,0,0,0,0,0,0,
22_2-4-23,2-4-23,74,1,balloons,Is there anything on the screen that is real?,0,0,0,0,0,0,0,0,0,0,0,0,0,0,
22_2-4-23,2-4-23,74,1,balloons,How do you know that it is real?,0,0,0,0,0,0,0,0,0,0,0,0,0,0,
22_2-4-23,2-4-23,74,1,balloons,Is there anything on the screen that is not real?,0,0,0,0,1,0,0,0,0,0,0,0,0,0,
22_2-4-23,2-4-23,74,1,balloons,How do you know that it is not real?,0,0,0,1,0,0,0,0,0,0,0,0,0,0,
22_2-4-23,2-4-23,74,2,bubbles,Spontaneous,0,0,0,0,0,0,0,0,0,0,0,0,0,0,
22_2-4-23,2-4-23,74,2,bubbles,What do you see on the screen?,0,0,0,0,1,0,0,0,0,0,0,0,0,0,
22_2-4-23,2-4-23,74,2,bubbles,Is there anything on the screen that is real?,0,0,0,0,0,0,0,0,0,0,0,0,0,0,
22_2-4-23,2-4-23,74,2,bubbles,How do you know that it is real?,0,0,0,0,0,0,0,0,0,0,0,0,0,0,
22_2-4-23,2-4-23,74,2,bubbles,Is there anything on the screen that is not real?,0,0,0,0,1,0,0,0,0,0,0,0,0,0,
22_2-4-23,2-4-23,74,2,bubbles,How do you know that it is not real?,0,0,0,1,0,0,0,0,0,0,0,0,0,0,
22_2-4-23,2-4-23,74,3,butterflies,Spontaneous,0,0,0,0,0,0,0,0,0,0,0,0,0,0,
22_2-4-23,2-4-23,74,3,butterflies,What do you see on the screen?,0,0,0,0,1,0,0,0,0,0,0,0,0,0,
22_2-4-23,2-4-23,74,3,butterflies,Is there anything on the screen that is real?,0,0,0,0,0,0,0,0,0,0,0,0,0,0,
22_2-4-23,2-4-23,74,3,butterflies,How do you know that it is real?,0,0,0,0,0,0,0,0,0,0,0,0,0,0,
22_2-4-23,2-4-23,74,3,butterflies,Is there anything on the screen that is not real?,0,0,0,0,1,0,0,0,0,0,0,0,0,0,
22_2-4-23,2-4-23,74,3,butterflies,How do you know that it is not real?,0,0,0,1,0,0,0,0,0,0,0,0,0,1,
22_2-4-23,2-4-23,74,4,hair,Spontaneous,0,0,0,0,0,0,0,0,0,0,0,0,0,0,
22_2-4-23,2-4-23,74,4,hair,What do you see on the screen?,1,0,0,0,0,0,0,0,0,0,0,0,0,1,
22_2-4-23,2-4-23,74,4,hair,Is there anything on the screen that is real?,0,0,0,0,0,0,0,0,0,0,0,0,0,0,
22_2-4-23,2-4-23,74,4,hair,How do you know that it is real?,0,0,0,0,0,0,0,0,0,0,0,0,0,0,
22_2-4-23,2-4-23,74,4,hair,Is there anything on the screen that is not real?,1,0,0,0,0,0,0,0,0,0,0,0,0,0,
22_2-4-23,2-4-23,74,4,hair,How do you know that it is not real?,0,1,0,0,0,0,0,0,0,0,0,0,0,0,
23_2-4-23,2-4-23,41,1,hair,Spontaneous,0,0,0,0,0,0,0,0,0,0,0,0,0,1,
23_2-4-23,2-4-23,41,1,hair,What do you see on the screen?,0,0,0,0,1,0,0,0,0,0,0,0,0,1,
23_2-4-23,2-4-23,41,1,hair,Is there anything on the screen that is real?,1,0,0,0,1,0,0,0,0,0,0,0,0,1,
23_2-4-23,2-4-23,41,1,hair,How do you know that it is real?,0,0,0,0,0,0,0,1,0,0,0,0,0,0,
23_2-4-23,2-4-23,41,1,hair,Is there anything on the screen that is not real?,0,0,0,0,0,0,0,0,0,0,0,0,0,0,
23_2-4-23,2-4-23,41,1,hair,How do you know that it is not real?,0,0,0,0,0,0,0,0,0,0,0,0,0,0,
23_2-4-23,2-4-23,41,2,butterflies,Spontaneous,1,0,0,0,0,0,0,0,0,0,0,0,0,1,
23_2-4-23,2-4-23,41,2,butterflies,What do you see on the screen?,0,0,0,0,1,0,0,0,0,0,0,0,0,1,
23_2-4-23,2-4-23,41,2,butterflies,Is there anything on the screen that is real?,0,0,0,0,1,0,0,0,0,0,0,0,0,0,
23_2-4-23,2-4-23,41,2,butterflies,How do you know that it is real?,0,0,0,1,0,0,0,1,0,0,0,0,0,0,
23_2-4-23,2-4-23,41,2,butterflies,Is there anything on the screen that is not real?,0,0,0,0,0,0,0,0,0,0,0,0,0,0,
23_2-4-23,2-4-23,41,2,butterflies,How do you know that it is not real?,0,0,0,0,0,0,0,0,0,0,0,0,0,0,
23_2-4-23,2-4-23,41,3,bubbles,Spontaneous,0,0,0,0,1,0,0,0,0,0,0,1,0,0,
23_2-4-23,2-4-23,41,3,bubbles,What do you see on the screen?,0,0,0,0,1,0,0,0,0,0,0,0,0,0,
23_2-4-23,2-4-23,41,3,bubbles,Is there anything on the screen that is real?,0,0,0,0,1,0,0,0,0,0,0,0,0,0,
23_2-4-23,2-4-23,41,3,bubbles,How do you know that it is real?,0,0,0,1,0,0,0,1,0,0,0,0,0,0,
23_2-4-23,2-4-23,41,3,bubbles,Is there anything on the screen that is not real?,0,0,0,0,0,0,0,0,0,0,0,0,0,0,
23_2-4-23,2-4-23,41,3,bubbles,How do you know that it is not real?,0,0,0,0,0,0,0,1,0,0,0,0,0,0,
23_2-4-23,2-4-23,41,4,balloons,Spontaneous,0,0,0,0,1,0,0,0,0,0,0,1,0,0,
23_2-4-23,2-4-23,41,4,balloons,What do you see on the screen?,0,0,0,0,1,0,0,0,0,0,0,0,0,0,
23_2-4-23,2-4-23,41,4,balloons,Is there anything on the screen that is real?,0,0,0,0,1,0,0,0,0,0,0,0,0,0,
23_2-4-23,2-4-23,41,4,balloons,How do you know that it is real?,0,0,0,0,0,0,0,1,0,0,0,0,0,0,
23_2-4-23,2-4-23,41,4,balloons,Is there anything on the screen that is not real?,0,0,0,0,1,0,0,0,0,0,0,0,0,0,
23_2-4-23,2-4-23,41,4,balloons,How do you know that it is not real?,0,0,0,0,0,0,0,1,0,0,0,0,0,0,
24_2-4-23,2-4-23,46,1,bubbles,Spontaneous,0,0,0,0,0,0,0,0,0,0,0,0,0,0,
24_2-4-23,2-4-23,46,1,bubbles,What do you see on the screen?,0,0,0,0,1,0,0,0,0,0,0,0,0,0,
24_2-4-23,2-4-23,46,1,bubbles,Is there anything on the screen that is real?,0,0,0,1,0,0,0,0,0,0,0,1,0,0,
24_2-4-23,2-4-23,46,1,bubbles,How do you know that it is real?,0,0,0,0,0,0,0,1,1,0,0,0,0,0,
24_2-4-23,2-4-23,46,1,bubbles,Is there anything on the screen that is not real?,0,0,0,0,0,0,0,0,0,0,0,1,0,0,
24_2-4-23,2-4-23,46,1,bubbles,How do you know that it is not real?,0,0,0,0,0,0,0,1,0,0,0,0,0,0,
24_2-4-23,2-4-23,46,2,balloons,Spontaneous,0,0,0,0,1,0,0,0,0,0,0,0,0,0,
24_2-4-23,2-4-23,46,2,balloons,What do you see on the screen?,0,0,0,0,1,0,0,0,0,0,0,0,0,0,
24_2-4-23,2-4-23,46,2,balloons,Is there anything on the screen that is real?,0,0,0,0,0,0,0,0,0,0,0,0,0,0,
24_2-4-23,2-4-23,46,2,balloons,How do you know that it is real?,0,0,0,0,0,0,0,0,0,0,0,0,0,0,
24_2-4-23,2-4-23,46,2,balloons,Is there anything on the screen that is not real?,0,0,1,0,0,0,0,0,0,0,0,1,0,0,
24_2-4-23,2-4-23,46,2,balloons,How do you know that it is not real?,0,0,0,0,0,0,0,0,0,0,0,0,0,0,
24_2-4-23,2-4-23,46,3,butterflies,Spontaneous,0,0,0,0,0,0,0,0,0,0,0,0,0,0,
24_2-4-23,2-4-23,46,3,butterflies,What do you see on the screen?,0,0,0,0,1,0,0,0,0,0,0,0,0,0,
24_2-4-23,2-4-23,46,3,butterflies,Is there anything on the screen that is real?,0,0,0,0,0,0,0,0,0,0,0,0,0,0,
24_2-4-23,2-4-23,46,3,butterflies,How do you know that it is real?,0,0,0,0,0,0,0,0,0,0,0,0,0,0,
24_2-4-23,2-4-23,46,3,butterflies,Is there anything on the screen that is not real?,0,0,0,0,0,0,0,1,0,0,0,0,0,0,
24_2-4-23,2-4-23,46,3,butterflies,How do you know that it is not real?,0,0,0,0,0,0,0,0,1,0,0,0,0,0,
24_2-4-23,2-4-23,46,4,hair,Spontaneous,0,0,0,0,0,0,0,0,0,0,0,0,0,1,
24_2-4-23,2-4-23,46,4,hair,What do you see on the screen?,0,0,0,0,0,0,0,1,0,0,0,0,0,0,
24_2-4-23,2-4-23,46,4,hair,Is there anything on the screen that is real?,0,0,0,0,0,0,0,0,0,0,0,0,0,0,
24_2-4-23,2-4-23,46,4,hair,How do you know that it is real?,0,0,0,0,0,0,0,0,0,0,0,0,0,0,
24_2-4-23,2-4-23,46,4,hair,Is there anything on the screen that is not real?,0,0,0,0,0,0,0,0,0,1,0,0,0,0,
24_2-4-23,2-4-23,46,4,hair,How do you know that it is not real?,0,0,0,0,0,0,0,1,0,0,0,0,0,0,
25_2-17-23,2-17-23,38.5,1,bubbles,Spontaneous,0,0,0,0,0,0,0,0,0,0,0,0,0,0,
25_2-17-23,2-17-23,38.5,1,bubbles,What do you see on the screen?,0,0,0,0,1,0,0,0,0,0,0,0,0,0,
25_2-17-23,2-17-23,38.5,1,bubbles,Is there anything on the screen that is real?,0,0,0,1,0,0,0,0,0,0,0,0,0,0,
25_2-17-23,2-17-23,38.5,1,bubbles,How do you know that it is real?,0,0,0,0,0,0,0,1,0,0,0,0,0,0,
25_2-17-23,2-17-23,38.5,1,bubbles,Is there anything on the screen that is not real?,0,0,0,0,0,0,0,1,0,0,0,0,0,0,
25_2-17-23,2-17-23,38.5,1,bubbles,How do you know that it is not real?,0,0,0,0,0,0,0,1,0,0,0,0,0,0,
25_2-17-23,2-17-23,38.5,2,butterflies,Spontaneous,0,0,0,0,0,0,0,0,0,0,0,0,0,1,
25_2-17-23,2-17-23,38.5,2,butterflies,What do you see on the screen?,0,0,0,0,1,0,0,0,0,0,0,0,0,0,
25_2-17-23,2-17-23,38.5,2,butterflies,Is there anything on the screen that is real?,0,0,0,0,1,0,0,0,0,0,0,0,0,0,
25_2-17-23,2-17-23,38.5,2,butterflies,How do you know that it is real?,0,0,0,0,0,0,0,1,0,0,0,0,0,0,
25_2-17-23,2-17-23,38.5,2,butterflies,Is there anything on the screen that is not real?,0,0,0,0,0,0,0,1,0,0,0,0,0,0,
25_2-17-23,2-17-23,38.5,2,butterflies,How do you know that it is not real?,0,0,0,0,0,0,0,1,0,0,0,0,0,0,
25_2-17-23,2-17-23,38.5,3,balloons,Spontaneous,0,0,0,0,1,0,0,0,1,0,0,0,1,1,
25_2-17-23,2-17-23,38.5,3,balloons,What do you see on the screen?,0,0,0,0,1,0,0,0,0,0,0,0,0,0,
25_2-17-23,2-17-23,38.5,3,balloons,Is there anything on the screen that is real?,0,0,0,0,0,0,0,1,0,0,0,0,0,0,
25_2-17-23,2-17-23,38.5,3,balloons,How do you know that it is real?,0,0,0,0,0,0,0,1,0,0,0,0,0,0,
25_2-17-23,2-17-23,38.5,3,balloons,Is there anything on the screen that is not real?,0,0,0,0,1,0,0,0,0,0,0,0,0,0,
25_2-17-23,2-17-23,38.5,3,balloons,How do you know that it is not real?,0,0,0,0,0,0,0,1,0,0,0,0,0,0,
25_2-17-23,2-17-23,38.5,4,hair,Spontaneous,0,0,0,0,0,0,0,0,1,0,0,0,0,1,
25_2-17-23,2-17-23,38.5,4,hair,What do you see on the screen?,0,0,0,0,1,0,0,0,0,0,0,0,0,0,
25_2-17-23,2-17-23,38.5,4,hair,Is there anything on the screen that is real?,0,0,0,0,1,0,0,0,0,0,0,0,0,1,
25_2-17-23,2-17-23,38.5,4,hair,How do you know that it is real?,0,0,0,0,0,0,0,1,0,0,0,0,0,0,
25_2-17-23,2-17-23,38.5,4,hair,Is there anything on the screen that is not real?,0,0,0,0,0,0,0,1,0,0,0,0,0,0,
25_2-17-23,2-17-23,38.5,4,hair,How do you know that it is not real?,0,0,0,0,0,0,0,0,0,0,0,0,0,0,
28_2-17-23,2-17-23,56,1,balloons,Spontaneous,0,0,0,0,0,0,0,0,0,0,0,0,0,0,
28_2-17-23,2-17-23,56,1,balloons,What do you see on the screen?,0,0,0,0,1,0,0,0,0,0,0,0,0,0,
28_2-17-23,2-17-23,56,1,balloons,Is there anything on the screen that is real?,0,0,0,1,0,0,0,0,0,0,0,0,0,0,
28_2-17-23,2-17-23,56,1,balloons,How do you know that it is real?,0,0,0,1,0,0,0,0,0,0,0,0,0,0,
28_2-17-23,2-17-23,56,1,balloons,Is there anything on the screen that is not real?,0,0,0,0,1,0,0,0,0,0,0,0,0,0,
28_2-17-23,2-17-23,56,1,balloons,How do you know that it is not real?,0,0,0,1,0,0,0,0,0,0,0,0,0,0,
28_2-17-23,2-17-23,56,2,bubbles,Spontaneous,0,0,0,0,1,0,0,0,0,0,0,0,0,0,
28_2-17-23,2-17-23,56,2,bubbles,What do you see on the screen?,0,0,0,0,1,0,0,0,0,0,0,0,0,0,
28_2-17-23,2-17-23,56,2,bubbles,Is there anything on the screen that is real?,0,0,0,1,0,0,0,0,0,0,0,0,0,0,
28_2-17-23,2-17-23,56,2,bubbles,How do you know that it is real?,0,0,0,1,0,0,0,0,0,0,0,0,0,0,
28_2-17-23,2-17-23,56,2,bubbles,Is there anything on the screen that is not real?,0,0,0,0,1,0,0,0,0,0,0,0,0,0,
28_2-17-23,2-17-23,56,2,bubbles,How do you know that it is not real?,0,0,1,0,0,1,0,0,0,0,0,0,0,0,
28_2-17-23,2-17-23,56,3,hair,Spontaneous,1,0,0,0,0,0,0,0,0,0,0,0,0,0,
28_2-17-23,2-17-23,56,3,hair,What do you see on the screen?,0,0,0,0,1,0,0,0,0,0,0,0,0,0,
28_2-17-23,2-17-23,56,3,hair,Is there anything on the screen that is real?,0,0,0,1,0,0,0,0,0,0,0,0,0,0,
28_2-17-23,2-17-23,56,3,hair,How do you know that it is real?,0,0,0,1,0,0,0,0,0,0,0,0,0,0,
28_2-17-23,2-17-23,56,3,hair,Is there anything on the screen that is not real?,0,0,0,0,1,0,0,0,0,0,0,0,0,0,
28_2-17-23,2-17-23,56,3,hair,How do you know that it is not real?,0,0,0,0,0,0,0,1,0,0,0,0,0,0,
28_2-17-23,2-17-23,56,4,butterflies,Spontaneous,0,0,0,0,1,0,0,0,0,0,0,0,0,0,
28_2-17-23,2-17-23,56,4,butterflies,What do you see on the screen?,0,0,0,0,1,0,0,0,0,0,0,0,0,0,
28_2-17-23,2-17-23,56,4,butterflies,Is there anything on the screen that is real?,0,0,0,1,0,0,0,0,0,0,0,0,0,0,
28_2-17-23,2-17-23,56,4,butterflies,How do you know that it is real?,0,0,0,1,0,0,0,0,0,0,0,0,0,0,
28_2-17-23,2-17-23,56,4,butterflies,Is there anything on the screen that is not real?,0,0,0,0,1,0,0,0,0,0,0,0,0,0,
28_2-17-23,2-17-23,56,4,butterflies,How do you know that it is not real?,0,0,0,0,0,0,1,0,0,0,0,0,0,0,
29_2-17-23,2-17-23,84,1,bubbles,Spontaneous,1,0,0,0,0,0,0,0,0,0,0,0,0,0,
29_2-17-23,2-17-23,84,1,bubbles,What do you see on the screen?,0,0,0,0,1,0,0,0,0,0,0,0,0,0,
29_2-17-23,2-17-23,84,1,bubbles,Is there anything on the screen that is real?,0,0,0,1,0,0,0,0,0,0,0,0,0,0,
29_2-17-23,2-17-23,84,1,bubbles,How do you know that it is real?,0,0,0,1,0,0,0,0,0,0,0,0,0,0,
29_2-17-23,2-17-23,84,1,bubbles,Is there anything on the screen that is not real?,0,0,0,0,1,0,0,0,0,0,0,0,0,0,
29_2-17-23,2-17-23,84,1,bubbles,How do you know that it is not real?,0,0,0,1,0,0,0,0,0,0,0,0,0,0,
29_2-17-23,2-17-23,84,2,balloons,Spontaneous,1,0,0,0,0,0,0,0,1,0,0,0,0,0,
29_2-17-23,2-17-23,84,2,balloons,What do you see on the screen?,0,0,0,0,1,0,0,0,0,0,0,0,0,0,
29_2-17-23,2-17-23,84,2,balloons,Is there anything on the screen that is real?,0,0,0,1,0,0,0,0,0,0,0,0,0,0,
29_2-17-23,2-17-23,84,2,balloons,How do you know that it is real?,0,0,0,0,0,1,0,0,0,0,0,0,0,0,
29_2-17-23,2-17-23,84,2,balloons,Is there anything on the screen that is not real?,0,0,0,0,1,0,0,0,0,0,0,0,0,0,
29_2-17-23,2-17-23,84,2,balloons,How do you know that it is not real?,0,0,0,1,0,0,0,0,0,0,0,0,0,0,
29_2-17-23,2-17-23,84,3,butterflies,Spontaneous,0,0,0,0,0,0,0,0,0,0,0,0,0,1,
29_2-17-23,2-17-23,84,3,butterflies,What do you see on the screen?,0,0,0,0,1,0,0,0,0,0,0,0,0,0,
29_2-17-23,2-17-23,84,3,butterflies,Is there anything on the screen that is real?,0,0,0,1,0,0,0,0,0,0,0,0,0,0,
29_2-17-23,2-17-23,84,3,butterflies,How do you know that it is real?,0,0,0,1,0,0,0,0,0,0,0,0,0,0,
29_2-17-23,2-17-23,84,3,butterflies,Is there anything on the screen that is not real?,0,0,0,0,1,0,0,0,0,0,0,0,0,0,
29_2-17-23,2-17-23,84,3,butterflies,How do you know that it is not real?,0,1,0,0,0,0,0,0,0,0,0,0,0,0,
29_2-17-23,2-17-23,84,4,hair,Spontaneous,0,0,0,0,0,0,0,0,1,0,0,0,0,1,
29_2-17-23,2-17-23,84,4,hair,What do you see on the screen?,0,0,0,0,1,0,0,0,0,0,0,0,0,1,
29_2-17-23,2-17-23,84,4,hair,Is there anything on the screen that is real?,0,0,0,1,0,0,0,0,0,0,0,0,0,0,
29_2-17-23,2-17-23,84,4,hair,How do you know that it is real?,0,0,0,0,0,1,0,0,0,0,0,0,0,0,
29_2-17-23,2-17-23,84,4,hair,Is there anything on the screen that is not real?,0,0,0,0,1,0,0,0,0,0,0,0,0,1,
29_2-17-23,2-17-23,84,4,hair,How do you know that it is not real?,0,1,0,0,0,0,0,0,0,0,0,0,0,0,
31_2-17-23,2-17-23,57,1,balloons,Spontaneous,0,0,0,0,1,0,0,0,0,0,0,0,0,0,
31_2-17-23,2-17-23,57,1,balloons,What do you see on the screen?,0,0,0,0,1,0,0,0,0,0,0,0,0,0,
31_2-17-23,2-17-23,57,1,balloons,Is there anything on the screen that is real?,0,0,0,0,1,0,0,0,0,0,0,0,0,0,
31_2-17-23,2-17-23,57,1,balloons,How do you know that it is real?,0,0,0,0,0,0,0,1,0,0,0,0,0,0,
31_2-17-23,2-17-23,57,1,balloons,Is there anything on the screen that is not real?,0,0,0,0,1,0,0,0,0,0,0,0,0,0,
31_2-17-23,2-17-23,57,1,balloons,How do you know that it is not real?,0,0,0,0,0,1,0,0,0,0,0,0,0,0,
31_2-17-23,2-17-23,57,2,bubbles,Spontaneous,0,0,0,0,1,0,0,0,0,0,0,0,0,0,
31_2-17-23,2-17-23,57,2,bubbles,What do you see on the screen?,0,0,0,0,1,0,0,0,0,0,0,0,0,0,
31_2-17-23,2-17-23,57,2,bubbles,Is there anything on the screen that is real?,0,0,0,1,0,0,0,0,0,0,0,0,0,0,
31_2-17-23,2-17-23,57,2,bubbles,How do you know that it is real?,0,0,0,0,0,0,0,1,0,0,0,0,0,0,
31_2-17-23,2-17-23,57,2,bubbles,Is there anything on the screen that is not real?,0,0,0,0,1,0,0,0,0,0,0,0,0,0,
31_2-17-23,2-17-23,57,2,bubbles,How do you know that it is not real?,0,0,0,0,0,0,0,1,0,0,0,0,0,0,
31_2-17-23,2-17-23,57,3,hair,Spontaneous,0,0,0,0,0,0,0,0,1,0,0,0,0,0,
31_2-17-23,2-17-23,57,3,hair,What do you see on the screen?,0,0,0,0,0,0,0,0,0,0,0,0,0,0,
31_2-17-23,2-17-23,57,3,hair,Is there anything on the screen that is real?,0,1,0,0,0,0,0,0,0,0,0,0,0,0,
31_2-17-23,2-17-23,57,3,hair,How do you know that it is real?,0,0,0,0,0,0,0,1,0,0,0,0,0,0,
31_2-17-23,2-17-23,57,3,hair,Is there anything on the screen that is not real?,1,0,0,0,0,0,0,0,0,0,0,0,0,1,
31_2-17-23,2-17-23,57,3,hair,How do you know that it is not real?,0,0,0,0,0,0,0,0,1,0,0,0,0,1,
31_2-17-23,2-17-23,57,4,butterflies,Spontaneous,1,0,0,0,0,0,0,0,0,0,0,0,0,0,
31_2-17-23,2-17-23,57,4,butterflies,What do you see on the screen?,0,0,0,0,1,0,0,0,0,0,0,0,0,0,
31_2-17-23,2-17-23,57,4,butterflies,Is there anything on the screen that is real?,0,0,0,1,0,0,0,0,0,0,0,0,0,0,
31_2-17-23,2-17-23,57,4,butterflies,How do you know that it is real?,0,0,0,0,0,1,0,0,0,0,0,0,0,0,
31_2-17-23,2-17-23,57,4,butterflies,Is there anything on the screen that is not real?,0,0,0,0,1,0,0,0,0,0,0,0,0,1,
31_2-17-23,2-17-23,57,4,butterflies,How do you know that it is not real?,0,0,0,0,0,1,0,0,0,0,0,0,0,1,
32_2-17-23,2-17-23,57,1,balloons,Spontaneous,0,0,0,0,0,0,0,0,0,0,0,0,0,0,
32_2-17-23,2-17-23,57,1,balloons,What do you see on the screen?,0,0,0,0,0,0,0,0,0,0,0,0,0,0,
32_2-17-23,2-17-23,57,1,balloons,Is there anything on the screen that is real?,0,0,0,0,1,0,0,0,0,0,0,0,0,0,
32_2-17-23,2-17-23,57,1,balloons,How do you know that it is real?,0,0,0,0,0,0,0,1,0,0,0,0,0,0,
32_2-17-23,2-17-23,57,1,balloons,Is there anything on the screen that is not real?,0,0,0,0,1,0,0,0,0,0,0,0,0,0,
32_2-17-23,2-17-23,57,1,balloons,How do you know that it is not real?,0,0,0,0,0,1,0,0,0,0,0,0,0,0,
32_2-17-23,2-17-23,57,2,bubbles,Spontaneous,0,0,0,1,0,0,0,0,0,0,0,0,0,0,
32_2-17-23,2-17-23,57,2,bubbles,What do you see on the screen?,0,0,0,1,0,0,0,0,0,0,0,0,0,0,
32_2-17-23,2-17-23,57,2,bubbles,Is there anything on the screen that is real?,0,0,0,1,0,0,0,0,0,0,0,0,0,0,
32_2-17-23,2-17-23,57,2,bubbles,How do you know that it is real?,0,0,0,0,0,0,0,1,0,0,0,0,0,0,
32_2-17-23,2-17-23,57,2,bubbles,Is there anything on the screen that is not real?,0,0,0,0,1,0,0,0,0,0,0,0,0,0,
32_2-17-23,2-17-23,57,2,bubbles,How do you know that it is not real?,0,0,0,0,0,0,0,1,0,0,0,0,0,0,
32_2-17-23,2-17-23,57,3,hair,Spontaneous,1,0,0,0,0,0,0,0,1,0,0,0,0,1,
32_2-17-23,2-17-23,57,3,hair,What do you see on the screen?,0,0,0,0,0,0,0,0,0,0,0,0,0,0,
32_2-17-23,2-17-23,57,3,hair,Is there anything on the screen that is real?,0,1,0,0,0,0,0,0,0,0,0,0,0,0,
32_2-17-23,2-17-23,57,3,hair,How do you know that it is real?,0,0,0,0,0,0,0,1,0,0,0,0,0,0,
32_2-17-23,2-17-23,57,3,hair,Is there anything on the screen that is not real?,0,0,0,0,1,0,0,0,0,0,0,0,0,0,
32_2-17-23,2-17-23,57,3,hair,How do you know that it is not real?,0,0,0,0,0,0,0,0,1,0,0,0,0,1,
32_2-17-23,2-17-23,57,4,butterflies,Spontaneous,0,0,0,0,1,0,0,0,0,0,0,0,0,1,
32_2-17-23,2-17-23,57,4,butterflies,What do you see on the screen?,0,0,1,0,0,0,0,0,0,0,0,0,0,1,
32_2-17-23,2-17-23,57,4,butterflies,Is there anything on the screen that is real?,0,0,0,1,0,0,0,0,0,0,0,0,0,0,
32_2-17-23,2-17-23,57,4,butterflies,How do you know that it is real?,0,0,0,0,0,1,0,0,0,0,0,0,0,0,
32_2-17-23,2-17-23,57,4,butterflies,Is there anything on the screen that is not real?,0,0,0,0,1,0,0,0,0,0,0,0,0,1,
32_2-17-23,2-17-23,57,4,butterflies,How do you know that it is not real?,0,0,0,0,0,0,0,1,0,0,0,0,0,0,
33_2-17-23,2-17-23,32,1,butterflies,Spontaneous,0,0,0,0,1,0,0,0,0,0,0,0,0,0,
33_2-17-23,2-17-23,32,1,butterflies,What do you see on the screen?,0,0,0,0,1,0,0,0,0,0,0,0,0,0,
33_2-17-23,2-17-23,32,1,butterflies,Is there anything on the screen that is real?,0,0,0,0,0,0,0,0,0,0,0,0,0,0,
33_2-17-23,2-17-23,32,1,butterflies,How do you know that it is real?,0,0,0,0,0,0,0,0,0,0,0,0,0,0,
33_2-17-23,2-17-23,32,1,butterflies,Is there anything on the screen that is not real?,0,0,0,0,0,0,0,0,0,0,0,0,0,0,
33_2-17-23,2-17-23,32,1,butterflies,How do you know that it is not real?,0,0,0,0,0,0,0,0,0,0,0,0,0,0,
33_2-17-23,2-17-23,32,2,hair,Spontaneous,0,0,0,0,0,0,0,0,1,0,0,0,0,0,
33_2-17-23,2-17-23,32,2,hair,What do you see on the screen?,0,0,0,0,1,0,0,0,0,0,0,0,0,0,
33_2-17-23,2-17-23,32,2,hair,Is there anything on the screen that is real?,0,0,0,0,0,0,0,0,0,0,0,0,0,0,
33_2-17-23,2-17-23,32,2,hair,How do you know that it is real?,0,0,0,1,0,0,0,0,0,0,0,0,0,0,
33_2-17-23,2-17-23,32,2,hair,Is there anything on the screen that is not real?,0,0,0,0,0,0,0,1,0,0,0,0,0,0,
33_2-17-23,2-17-23,32,2,hair,How do you know that it is not real?,0,0,0,0,0,0,0,0,0,0,0,0,0,0,
33_2-17-23,2-17-23,32,3,balloons,Spontaneous,0,0,0,0,1,0,0,0,0,0,0,0,0,0,
33_2-17-23,2-17-23,32,3,balloons,What do you see on the screen?,0,0,0,0,1,0,0,0,0,0,0,0,0,0,
33_2-17-23,2-17-23,32,3,balloons,Is there anything on the screen that is real?,0,0,0,0,0,0,0,1,0,0,0,0,0,0,
33_2-17-23,2-17-23,32,3,balloons,How do you know that it is real?,0,0,0,0,0,0,0,0,0,0,0,0,0,0,
33_2-17-23,2-17-23,32,3,balloons,Is there anything on the screen that is not real?,0,0,0,0,0,0,0,0,0,0,0,0,0,0,
33_2-17-23,2-17-23,32,3,balloons,How do you know that it is not real?,0,0,0,0,0,0,0,0,0,0,0,0,0,0,
33_2-17-23,2-17-23,32,4,bubbles,Spontaneous,0,0,0,0,1,0,0,0,0,0,0,0,0,0,
33_2-17-23,2-17-23,32,4,bubbles,What do you see on the screen?,0,0,0,0,1,0,0,0,0,0,0,0,0,0,
33_2-17-23,2-17-23,32,4,bubbles,Is there anything on the screen that is real?,0,0,0,0,0,0,0,0,0,0,0,0,0,0,
33_2-17-23,2-17-23,32,4,bubbles,How do you know that it is real?,0,0,0,0,0,0,0,0,0,0,0,0,0,0,
33_2-17-23,2-17-23,32,4,bubbles,Is there anything on the screen that is not real?,0,0,0,0,0,0,0,0,0,0,0,0,0,0,
33_2-17-23,2-17-23,32,4,bubbles,How do you know that it is not real?,0,0,0,0,0,0,0,0,0,0,0,0,0,0,
34_2-17-23,2-17-23,68,1,balloons,Spontaneous,0,0,0,0,0,0,0,0,0,0,0,0,0,0,
34_2-17-23,2-17-23,68,1,balloons,What do you see on the screen?,0,0,0,0,1,0,0,0,0,0,0,0,0,0,
34_2-17-23,2-17-23,68,1,balloons,Is there anything on the screen that is real?,0,0,0,0,0,0,0,0,0,0,0,0,0,0,
34_2-17-23,2-17-23,68,1,balloons,How do you know that it is real?,0,0,0,0,0,1,0,0,0,0,0,0,0,0,
34_2-17-23,2-17-23,68,1,balloons,Is there anything on the screen that is not real?,0,0,0,0,0,0,0,0,0,0,0,0,0,0,
34_2-17-23,2-17-23,68,1,balloons,How do you know that it is not real?,0,0,0,1,0,0,0,0,0,0,0,0,0,0,
34_2-17-23,2-17-23,68,2,bubbles,Spontaneous,0,0,0,0,1,0,0,0,0,0,0,0,0,0,
34_2-17-23,2-17-23,68,2,bubbles,What do you see on the screen?,0,0,0,0,1,0,0,0,0,0,0,0,0,0,
34_2-17-23,2-17-23,68,2,bubbles,Is there anything on the screen that is real?,0,0,0,0,0,0,0,0,0,0,0,0,0,0,
34_2-17-23,2-17-23,68,2,bubbles,How do you know that it is real?,0,0,0,0,0,1,0,0,0,0,0,0,0,0,
34_2-17-23,2-17-23,68,2,bubbles,Is there anything on the screen that is not real?,0,0,0,1,0,0,0,0,0,0,0,0,0,0,
34_2-17-23,2-17-23,68,2,bubbles,How do you know that it is not real?,0,0,0,0,0,0,0,1,0,0,0,0,0,0,
34_2-17-23,2-17-23,68,3,hair,Spontaneous,0,0,0,0,1,0,0,0,0,0,0,0,0,0,
34_2-17-23,2-17-23,68,3,hair,What do you see on the screen?,0,0,0,0,1,0,0,0,0,0,0,0,0,0,
34_2-17-23,2-17-23,68,3,hair,Is there anything on the screen that is real?,0,0,0,1,0,0,0,0,0,0,0,0,0,0,
34_2-17-23,2-17-23,68,3,hair,How do you know that it is real?,0,0,0,0,0,1,0,0,0,0,0,0,0,0,
34_2-17-23,2-17-23,68,3,hair,Is there anything on the screen that is not real?,0,0,0,0,1,0,0,0,0,0,0,0,0,0,
34_2-17-23,2-17-23,68,3,hair,How do you know that it is not real?,0,0,0,0,0,0,0,1,0,0,0,0,0,0,
34_2-17-23,2-17-23,68,4,butterflies,Spontaneous,0,0,0,0,1,0,0,0,0,0,0,0,0,0,
34_2-17-23,2-17-23,68,4,butterflies,What do you see on the screen?,0,0,0,0,1,0,0,0,0,0,0,0,0,0,
34_2-17-23,2-17-23,68,4,butterflies,Is there anything on the screen that is real?,0,0,0,0,0,0,0,0,0,0,0,0,0,0,
34_2-17-23,2-17-23,68,4,butterflies,How do you know that it is real?,0,0,0,0,0,1,0,0,0,0,0,0,0,0,
34_2-17-23,2-17-23,68,4,butterflies,Is there anything on the screen that is not real?,0,0,0,0,1,0,0,0,0,0,0,0,0,0,
34_2-17-23,2-17-23,68,4,butterflies,How do you know that it is not real?,0,0,0,0,0,0,0,1,0,0,0,0,0,0,
35_2-18-23,2-18-23,109,1,balloons,Spontaneous,0,0,0,0,0,0,0,0,0,0,0,0,0,0,
35_2-18-23,2-18-23,109,1,balloons,What do you see on the screen?,0,0,0,0,1,0,0,0,0,0,0,0,0,0,
35_2-18-23,2-18-23,109,1,balloons,Is there anything on the screen that is real?,0,1,0,1,0,0,0,0,0,0,0,0,0,0,
35_2-18-23,2-18-23,109,1,balloons,How do you know that it is real?,0,0,0,1,0,1,0,0,0,0,0,0,0,0,
35_2-18-23,2-18-23,109,1,balloons,Is there anything on the screen that is not real?,0,0,0,0,1,0,0,0,0,0,0,0,0,0,
35_2-18-23,2-18-23,109,1,balloons,How do you know that it is not real?,0,0,0,1,0,1,0,0,0,0,0,0,0,0,
35_2-18-23,2-18-23,109,2,bubbles,Spontaneous,0,0,0,0,1,0,0,0,0,0,0,0,0,0,
35_2-18-23,2-18-23,109,2,bubbles,What do you see on the screen?,0,0,0,0,1,0,0,0,0,0,0,0,0,0,
35_2-18-23,2-18-23,109,2,bubbles,Is there anything on the screen that is real?,0,1,0,1,0,0,0,0,0,0,0,0,0,0,
35_2-18-23,2-18-23,109,2,bubbles,How do you know that it is real?,0,0,0,1,0,1,0,0,0,0,0,0,0,0,
35_2-18-23,2-18-23,109,2,bubbles,Is there anything on the screen that is not real?,0,0,0,0,1,0,0,0,0,0,0,0,0,0,
35_2-18-23,2-18-23,109,2,bubbles,How do you know that it is not real?,0,0,0,1,0,1,0,0,0,0,0,0,0,0,
35_2-18-23,2-18-23,109,3,hair,Spontaneous,1,0,0,0,0,0,0,0,0,0,0,0,0,0,
35_2-18-23,2-18-23,109,3,hair,What do you see on the screen?,0,0,0,0,1,0,0,0,0,0,0,0,0,0,
35_2-18-23,2-18-23,109,3,hair,Is there anything on the screen that is real?,0,0,0,1,0,0,0,0,0,0,0,0,0,0,
35_2-18-23,2-18-23,109,3,hair,How do you know that it is real?,0,0,0,1,0,1,0,0,0,0,0,0,0,0,
35_2-18-23,2-18-23,109,3,hair,Is there anything on the screen that is not real?,0,0,0,0,1,0,0,0,0,0,0,0,0,1,
35_2-18-23,2-18-23,109,3,hair,How do you know that it is not real?,0,1,0,0,0,0,0,0,0,0,0,0,0,1,
35_2-18-23,2-18-23,109,4,butterflies,Spontaneous,0,0,0,0,0,0,0,0,0,0,0,0,0,0,
35_2-18-23,2-18-23,109,4,butterflies,What do you see on the screen?,1,0,0,0,0,0,0,0,0,0,0,0,0,0,
35_2-18-23,2-18-23,109,4,butterflies,Is there anything on the screen that is real?,0,0,0,1,0,0,0,0,0,0,0,0,0,0,
35_2-18-23,2-18-23,109,4,butterflies,How do you know that it is real?,0,0,0,1,0,1,0,0,0,0,0,0,0,0,
35_2-18-23,2-18-23,109,4,butterflies,Is there anything on the screen that is not real?,0,0,0,0,1,0,0,0,0,0,0,0,0,0,
35_2-18-23,2-18-23,109,4,butterflies,How do you know that it is not real?,0,0,0,0,0,1,0,0,0,0,0,0,0,1,
37_2-18-23,2-18-23,84,1,butterflies,Spontaneous,0,0,0,0,0,0,0,0,0,0,0,0,0,0,
37_2-18-23,2-18-23,84,1,butterflies,What do you see on the screen?,1,0,0,0,0,0,0,0,0,0,0,0,0,0,
37_2-18-23,2-18-23,84,1,butterflies,Is there anything on the screen that is real?,0,1,0,0,0,0,0,0,0,0,0,0,0,0,
37_2-18-23,2-18-23,84,1,butterflies,How do you know that it is real?,0,1,0,0,0,1,0,0,0,0,0,0,0,0,
37_2-18-23,2-18-23,84,1,butterflies,Is there anything on the screen that is not real?,0,0,0,0,1,0,0,0,0,0,0,0,0,0,
37_2-18-23,2-18-23,84,1,butterflies,How do you know that it is not real?,0,1,0,0,0,1,0,0,0,0,0,0,0,0,
37_2-18-23,2-18-23,84,2,hair,Spontaneous,0,0,0,0,0,0,0,0,0,0,0,0,0,0,
37_2-18-23,2-18-23,84,2,hair,What do you see on the screen?,1,0,0,0,0,0,0,0,0,0,0,0,0,0,
37_2-18-23,2-18-23,84,2,hair,Is there anything on the screen that is real?,0,1,0,0,0,0,0,0,0,0,0,0,0,0,
37_2-18-23,2-18-23,84,2,hair,How do you know that it is real?,0,0,0,0,0,1,0,0,0,0,0,0,0,0,
37_2-18-23,2-18-23,84,2,hair,Is there anything on the screen that is not real?,0,0,0,0,1,0,0,0,0,0,0,0,0,0,
37_2-18-23,2-18-23,84,2,hair,How do you know that it is not real?,0,0,0,0,0,1,0,0,0,0,0,0,0,1,
37_2-18-23,2-18-23,84,3,balloons,Spontaneous,0,0,0,0,0,0,0,0,0,0,0,0,0,0,
37_2-18-23,2-18-23,84,3,balloons,What do you see on the screen?,1,0,0,0,0,0,0,0,0,0,0,0,0,0,
37_2-18-23,2-18-23,84,3,balloons,Is there anything on the screen that is real?,0,1,0,0,0,0,0,0,0,0,0,0,0,0,
37_2-18-23,2-18-23,84,3,balloons,How do you know that it is real?,0,0,0,0,0,1,0,0,0,0,0,0,0,0,
37_2-18-23,2-18-23,84,3,balloons,Is there anything on the screen that is not real?,0,0,0,0,1,0,0,0,0,0,0,0,0,0,
37_2-18-23,2-18-23,84,3,balloons,How do you know that it is not real?,0,0,0,1,0,1,0,0,0,0,0,0,0,0,
37_2-18-23,2-18-23,84,4,bubbles,Spontaneous,0,0,0,0,0,0,0,0,0,0,0,0,0,0,
37_2-18-23,2-18-23,84,4,bubbles,What do you see on the screen?,1,0,0,0,0,0,0,0,0,0,0,0,0,0,
37_2-18-23,2-18-23,84,4,bubbles,Is there anything on the screen that is real?,0,1,0,0,0,0,0,0,0,0,0,0,0,0,
37_2-18-23,2-18-23,84,4,bubbles,How do you know that it is real?,0,0,0,0,0,0,0,1,0,0,0,0,0,0,
37_2-18-23,2-18-23,84,4,bubbles,Is there anything on the screen that is not real?,0,0,0,0,1,0,0,0,0,0,0,0,0,0,
37_2-18-23,2-18-23,84,4,bubbles,How do you know that it is not real?,0,0,0,1,0,0,0,1,0,0,0,0,0,0,
38_2-18-23,2-18-23,51,1,bubbles,Spontaneous,0,0,0,0,0,0,0,0,0,0,0,0,0,0,
38_2-18-23,2-18-23,51,1,bubbles,What do you see on the screen?,0,0,0,0,1,0,0,0,0,0,0,0,0,0,
38_2-18-23,2-18-23,51,1,bubbles,Is there anything on the screen that is real?,0,1,0,0,0,0,0,0,0,0,0,0,0,0,
38_2-18-23,2-18-23,51,1,bubbles,How do you know that it is real?,0,0,0,0,0,0,0,1,0,0,0,0,0,0,
38_2-18-23,2-18-23,51,1,bubbles,Is there anything on the screen that is not real?,0,0,0,1,0,0,0,0,0,0,0,0,0,0,
38_2-18-23,2-18-23,51,1,bubbles,How do you know that it is not real?,0,0,0,0,0,0,0,1,0,0,0,0,0,0,
38_2-18-23,2-18-23,51,2,balloons,Spontaneous,0,0,0,0,1,0,0,0,0,0,0,0,0,0,
38_2-18-23,2-18-23,51,2,balloons,What do you see on the screen?,0,0,0,0,1,0,0,0,0,0,0,0,0,0,
38_2-18-23,2-18-23,51,2,balloons,Is there anything on the screen that is real?,0,1,0,0,0,0,0,0,0,0,0,0,0,0,
38_2-18-23,2-18-23,51,2,balloons,How do you know that it is real?,0,0,0,0,0,0,0,1,0,0,0,0,0,0,
38_2-18-23,2-18-23,51,2,balloons,Is there anything on the screen that is not real?,0,0,0,1,0,0,0,0,0,0,0,0,0,0,
38_2-18-23,2-18-23,51,2,balloons,How do you know that it is not real?,0,0,0,0,0,0,0,1,0,0,0,0,0,0,
38_2-18-23,2-18-23,51,3,butterflies,Spontaneous,0,0,0,0,1,0,0,0,0,0,0,0,0,0,
38_2-18-23,2-18-23,51,3,butterflies,What do you see on the screen?,0,0,0,0,1,0,0,0,0,0,0,0,0,0,
38_2-18-23,2-18-23,51,3,butterflies,Is there anything on the screen that is real?,0,1,0,0,0,0,0,0,0,0,0,0,0,0,
38_2-18-23,2-18-23,51,3,butterflies,How do you know that it is real?,0,0,0,0,0,0,0,1,0,0,0,0,0,0,
38_2-18-23,2-18-23,51,3,butterflies,Is there anything on the screen that is not real?,0,0,0,1,0,0,0,0,0,0,0,0,0,0,
38_2-18-23,2-18-23,51,3,butterflies,How do you know that it is not real?,0,0,0,0,0,0,0,1,0,0,0,0,0,0,
38_2-18-23,2-18-23,51,4,hair,Spontaneous,0,0,0,0,0,0,0,0,1,0,0,0,0,1,
38_2-18-23,2-18-23,51,4,hair,What do you see on the screen?,0,0,0,0,1,0,0,0,0,0,0,0,0,1,
38_2-18-23,2-18-23,51,4,hair,Is there anything on the screen that is real?,0,0,0,1,0,0,0,0,0,0,0,0,0,0,
38_2-18-23,2-18-23,51,4,hair,How do you know that it is real?,0,0,0,0,0,0,0,1,0,0,0,0,0,0,
38_2-18-23,2-18-23,51,4,hair,Is there anything on the screen that is not real?,0,0,0,1,0,0,0,0,0,0,0,0,0,0,
38_2-18-23,2-18-23,51,4,hair,How do you know that it is not real?,0,0,0,0,0,0,0,1,0,0,0,0,0,0,
40_2-18-23,2-18-23,99,1,hair,Spontaneous,0,0,0,0,0,0,0,0,0,0,0,0,0,0,
40_2-18-23,2-18-23,99,1,hair,What do you see on the screen?,1,0,0,0,0,0,0,0,0,0,0,0,0,0,
40_2-18-23,2-18-23,99,1,hair,Is there anything on the screen that is real?,0,0,0,0,0,0,0,0,0,0,0,0,0,0,
40_2-18-23,2-18-23,99,1,hair,How do you know that it is real?,0,0,0,0,0,0,0,0,0,0,0,0,0,0,
40_2-18-23,2-18-23,99,1,hair,Is there anything on the screen that is not real?,0,0,0,0,1,0,0,0,0,0,0,0,0,0,
40_2-18-23,2-18-23,99,1,hair,How do you know that it is not real?,0,1,0,0,0,0,0,0,0,0,0,0,0,1,
40_2-18-23,2-18-23,99,2,butterflies,Spontaneous,0,0,0,0,0,0,0,0,0,0,0,0,0,0,
40_2-18-23,2-18-23,99,2,butterflies,What do you see on the screen?,1,0,0,0,0,0,0,0,0,0,0,0,0,0,
40_2-18-23,2-18-23,99,2,butterflies,Is there anything on the screen that is real?,0,1,0,1,0,0,0,0,0,0,0,0,0,0,
40_2-18-23,2-18-23,99,2,butterflies,How do you know that it is real?,0,0,0,0,0,1,0,0,0,0,0,0,0,0,
40_2-18-23,2-18-23,99,2,butterflies,Is there anything on the screen that is not real?,0,0,0,0,1,0,0,0,0,0,0,0,0,0,
40_2-18-23,2-18-23,99,2,butterflies,How do you know that it is not real?,0,0,0,0,0,1,0,0,0,0,0,0,0,1,
40_2-18-23,2-18-23,99,3,bubbles,Spontaneous,0,0,0,0,0,0,0,0,0,0,0,0,0,0,
40_2-18-23,2-18-23,99,3,bubbles,What do you see on the screen?,0,0,0,0,1,0,0,0,0,0,0,0,0,0,
40_2-18-23,2-18-23,99,3,bubbles,Is there anything on the screen that is real?,0,0,0,1,0,0,0,0,0,0,0,0,0,0,
40_2-18-23,2-18-23,99,3,bubbles,How do you know that it is real?,0,0,0,0,0,1,0,0,0,0,0,0,0,0,
40_2-18-23,2-18-23,99,3,bubbles,Is there anything on the screen that is not real?,0,0,0,0,1,0,0,0,0,0,0,0,0,1,
40_2-18-23,2-18-23,99,3,bubbles,How do you know that it is not real?,0,0,0,0,0,1,0,0,0,0,0,0,0,1,
40_2-18-23,2-18-23,99,4,balloons,Spontaneous,0,0,0,0,0,0,0,0,0,0,0,0,0,1,
40_2-18-23,2-18-23,99,4,balloons,What do you see on the screen?,0,0,0,0,0,0,0,0,0,0,0,0,0,0,
40_2-18-23,2-18-23,99,4,balloons,Is there anything on the screen that is real?,0,0,0,1,0,0,0,0,0,0,0,0,0,0,
40_2-18-23,2-18-23,99,4,balloons,How do you know that it is real?,0,0,0,0,0,1,0,0,0,0,0,0,0,0,
40_2-18-23,2-18-23,99,4,balloons,Is there anything on the screen that is not real?,0,0,0,0,1,0,0,0,0,0,0,0,0,1,
40_2-18-23,2-18-23,99,4,balloons,How do you know that it is not real?,0,0,0,0,0,1,0,0,0,0,0,0,0,1,
41_2-18-23,2-18-23,87,1,balloons,Spontaneous,0,0,0,0,0,0,0,0,1,0,0,0,0,0,
41_2-18-23,2-18-23,87,1,balloons,What do you see on the screen?,0,0,0,0,1,0,0,0,0,0,0,0,0,0,
41_2-18-23,2-18-23,87,1,balloons,Is there anything on the screen that is real?,0,1,0,1,0,0,0,0,0,0,0,0,0,0,
41_2-18-23,2-18-23,87,1,balloons,How do you know that it is real?,0,0,0,1,0,1,0,0,0,0,0,0,0,0,
41_2-18-23,2-18-23,87,1,balloons,Is there anything on the screen that is not real?,0,0,0,0,1,0,0,0,0,0,0,0,0,0,
41_2-18-23,2-18-23,87,1,balloons,How do you know that it is not real?,0,0,0,0,0,1,0,0,0,0,0,0,0,0,
41_2-18-23,2-18-23,87,2,bubbles,Spontaneous,0,0,0,0,0,0,0,0,0,0,0,0,0,0,
41_2-18-23,2-18-23,87,2,bubbles,What do you see on the screen?,0,0,0,0,1,0,0,0,0,0,0,0,0,0,
41_2-18-23,2-18-23,87,2,bubbles,Is there anything on the screen that is real?,0,1,0,0,0,0,0,0,0,0,0,0,0,0,
41_2-18-23,2-18-23,87,2,bubbles,How do you know that it is real?,0,0,0,0,0,1,0,0,0,0,0,0,0,0,
41_2-18-23,2-18-23,87,2,bubbles,Is there anything on the screen that is not real?,0,0,0,0,1,0,0,0,0,0,0,0,0,0,
41_2-18-23,2-18-23,87,2,bubbles,How do you know that it is not real?,0,0,0,0,0,1,0,0,0,0,0,0,0,1,
41_2-18-23,2-18-23,87,3,hair,Spontaneous,1,0,0,0,0,0,0,0,0,0,0,0,0,0,
41_2-18-23,2-18-23,87,3,hair,What do you see on the screen?,0,0,0,1,0,0,0,0,0,0,0,0,0,0,
41_2-18-23,2-18-23,87,3,hair,Is there anything on the screen that is real?,0,0,0,1,0,0,0,0,0,0,0,0,0,0,
41_2-18-23,2-18-23,87,3,hair,How do you know that it is real?,0,0,0,0,0,1,0,0,0,0,0,0,0,0,
41_2-18-23,2-18-23,87,3,hair,Is there anything on the screen that is not real?,1,0,0,0,0,0,0,0,0,0,0,0,0,0,
41_2-18-23,2-18-23,87,3,hair,How do you know that it is not real?,0,1,0,0,0,0,0,0,0,0,0,0,0,1,
41_2-18-23,2-18-23,87,4,butterflies,Spontaneous,0,0,0,0,0,0,0,0,0,0,0,0,0,0,
41_2-18-23,2-18-23,87,4,butterflies,What do you see on the screen?,1,0,0,0,0,0,0,0,0,0,0,0,0,0,
41_2-18-23,2-18-23,87,4,butterflies,Is there anything on the screen that is real?,0,0,0,1,0,0,0,0,0,0,0,0,0,0,
41_2-18-23,2-18-23,87,4,butterflies,How do you know that it is real?,0,0,0,0,0,1,0,0,0,0,0,0,0,0,
41_2-18-23,2-18-23,87,4,butterflies,Is there anything on the screen that is not real?,1,0,0,0,0,0,0,0,0,0,0,0,0,0,
41_2-18-23,2-18-23,87,4,butterflies,How do you know that it is not real?,0,0,0,0,0,1,0,0,0,0,0,0,0,1,
44_2-18-23,2-18-23,66,1,hair,Spontaneous,0,0,0,0,0,0,0,0,0,0,0,0,0,1,
44_2-18-23,2-18-23,66,1,hair,What do you see on the screen?,1,0,0,0,0,0,0,0,0,0,0,0,0,1,
44_2-18-23,2-18-23,66,1,hair,Is there anything on the screen that is real?,0,0,0,1,0,0,0,0,0,0,0,0,0,0,
44_2-18-23,2-18-23,66,1,hair,How do you know that it is real?,0,0,0,0,0,1,0,0,0,0,0,0,0,0,
44_2-18-23,2-18-23,66,1,hair,Is there anything on the screen that is not real?,0,0,0,0,0,0,0,0,0,0,0,0,0,0,
44_2-18-23,2-18-23,66,1,hair,How do you know that it is not real?,0,0,0,0,0,0,0,0,0,0,0,0,0,0,
44_2-18-23,2-18-23,66,2,butterflies,Spontaneous,1,0,0,0,0,0,0,0,0,0,0,0,0,0,
44_2-18-23,2-18-23,66,2,butterflies,What do you see on the screen?,0,0,0,0,0,0,0,0,0,0,0,0,0,0,
44_2-18-23,2-18-23,66,2,butterflies,Is there anything on the screen that is real?,0,0,0,1,0,0,0,0,0,0,0,0,0,0,
44_2-18-23,2-18-23,66,2,butterflies,How do you know that it is real?,0,0,0,0,0,1,0,0,0,0,0,0,0,0,
44_2-18-23,2-18-23,66,2,butterflies,Is there anything on the screen that is not real?,0,0,0,0,0,0,0,0,0,0,0,0,0,0,
44_2-18-23,2-18-23,66,2,butterflies,How do you know that it is not real?,0,0,0,0,0,0,0,0,0,0,0,0,0,0,
44_2-18-23,2-18-23,66,3,bubbles,Spontaneous,0,0,0,0,1,0,0,0,0,0,0,0,0,0,
44_2-18-23,2-18-23,66,3,bubbles,What do you see on the screen?,0,0,0,1,0,0,0,0,0,0,0,0,0,0,
44_2-18-23,2-18-23,66,3,bubbles,Is there anything on the screen that is real?,0,0,0,0,0,0,0,0,0,0,0,0,0,0,
44_2-18-23,2-18-23,66,3,bubbles,How do you know that it is real?,0,0,0,0,0,0,0,0,0,0,0,0,0,0,
44_2-18-23,2-18-23,66,3,bubbles,Is there anything on the screen that is not real?,0,0,0,0,0,0,0,0,0,0,0,0,0,0,
44_2-18-23,2-18-23,66,3,bubbles,How do you know that it is not real?,0,0,0,0,0,0,0,0,0,0,0,0,0,0,
44_2-18-23,2-18-23,66,4,balloons,Spontaneous,0,0,0,0,1,0,0,0,0,0,0,0,0,1,
44_2-18-23,2-18-23,66,4,balloons,What do you see on the screen?,0,0,0,0,1,0,0,0,0,0,0,0,0,0,
44_2-18-23,2-18-23,66,4,balloons,Is there anything on the screen that is real?,0,0,0,1,0,0,0,0,0,0,0,0,0,0,
44_2-18-23,2-18-23,66,4,balloons,How do you know that it is real?,0,0,0,0,0,0,0,1,0,0,0,0,0,0,
44_2-18-23,2-18-23,66,4,balloons,Is there anything on the screen that is not real?,0,0,0,0,0,0,0,0,0,0,0,0,0,0,
44_2-18-23,2-18-23,66,4,balloons,How do you know that it is not real?,0,0,0,0,0,0,0,0,0,0,0,0,0,0,
45_2-18-23,2-18-23,44,1,balloons,Spontaneous,0,0,0,0,0,0,0,0,0,0,0,0,0,0,
45_2-18-23,2-18-23,44,1,balloons,What do you see on the screen?,0,0,0,0,1,0,0,0,0,0,0,0,0,0,
45_2-18-23,2-18-23,44,1,balloons,Is there anything on the screen that is real?,0,0,0,0,1,0,0,0,0,0,0,0,0,0,
45_2-18-23,2-18-23,44,1,balloons,How do you know that it is real?,0,0,0,0,0,0,0,1,0,0,0,0,0,0,
45_2-18-23,2-18-23,44,1,balloons,Is there anything on the screen that is not real?,0,0,0,0,1,0,0,0,0,0,0,0,0,0,
45_2-18-23,2-18-23,44,1,balloons,How do you know that it is not real?,0,0,0,0,0,0,0,1,0,0,0,0,0,0,
45_2-18-23,2-18-23,44,2,bubbles,Spontaneous,0,0,0,0,0,0,0,0,0,0,0,0,0,0,
45_2-18-23,2-18-23,44,2,bubbles,What do you see on the screen?,0,0,0,0,0,0,0,0,0,0,0,0,0,0,
45_2-18-23,2-18-23,44,2,bubbles,Is there anything on the screen that is real?,0,0,0,0,1,0,0,0,0,0,0,0,0,0,
45_2-18-23,2-18-23,44,2,bubbles,How do you know that it is real?,0,0,0,0,0,0,0,1,0,0,0,0,0,0,
45_2-18-23,2-18-23,44,2,bubbles,Is there anything on the screen that is not real?,0,0,0,0,0,0,0,0,0,0,0,0,0,0,
45_2-18-23,2-18-23,44,2,bubbles,How do you know that it is not real?,0,0,0,0,0,0,0,0,0,0,0,0,0,0,
45_2-18-23,2-18-23,44,3,hair,Spontaneous,0,0,0,0,0,0,0,0,0,0,0,0,0,1,
45_2-18-23,2-18-23,44,3,hair,What do you see on the screen?,0,0,0,0,1,0,0,0,0,0,0,0,0,0,
45_2-18-23,2-18-23,44,3,hair,Is there anything on the screen that is real?,0,1,0,0,0,0,0,0,0,0,0,0,0,0,
45_2-18-23,2-18-23,44,3,hair,How do you know that it is real?,0,0,0,0,0,0,0,0,0,0,0,0,0,0,
45_2-18-23,2-18-23,44,3,hair,Is there anything on the screen that is not real?,0,0,0,0,1,0,0,0,0,0,0,0,0,0,
45_2-18-23,2-18-23,44,3,hair,How do you know that it is not real?,0,0,0,0,0,0,0,1,0,0,0,0,0,0,
45_2-18-23,2-18-23,44,4,butterflies,Spontaneous,0,0,0,0,0,0,0,0,0,0,0,0,0,0,
45_2-18-23,2-18-23,44,4,butterflies,What do you see on the screen?,0,0,0,0,0,0,0,0,0,0,0,0,0,0,
45_2-18-23,2-18-23,44,4,butterflies,Is there anything on the screen that is real?,0,0,0,0,1,0,0,0,0,0,0,0,0,0,
45_2-18-23,2-18-23,44,4,butterflies,How do you know that it is real?,0,0,0,0,0,0,0,1,0,0,0,0,0,0,
45_2-18-23,2-18-23,44,4,butterflies,Is there anything on the screen that is not real?,0,0,0,0,0,0,0,0,0,0,0,0,0,0,
45_2-18-23,2-18-23,44,4,butterflies,How do you know that it is not real?,0,0,0,0,0,0,0,0,0,0,0,0,0,0,
46_2-18-23,2-18-23,91,1,butterflies,Spontaneous,0,0,0,0,0,0,0,0,0,0,0,0,0,0,
46_2-18-23,2-18-23,91,1,butterflies,What do you see on the screen?,0,0,0,0,1,0,0,0,0,0,0,0,0,0,
46_2-18-23,2-18-23,91,1,butterflies,Is there anything on the screen that is real?,0,1,0,0,0,0,0,0,0,0,0,0,0,0,
46_2-18-23,2-18-23,91,1,butterflies,How do you know that it is real?,0,0,0,0,0,1,0,0,0,0,0,0,0,0,
46_2-18-23,2-18-23,91,1,butterflies,Is there anything on the screen that is not real?,0,0,0,0,1,0,0,0,0,0,0,0,0,0,
46_2-18-23,2-18-23,91,1,butterflies,How do you know that it is not real?,0,1,0,0,0,0,0,0,0,0,0,0,0,0,
46_2-18-23,2-18-23,91,2,hair,Spontaneous,0,0,0,0,0,0,0,0,0,0,0,0,0,0,
46_2-18-23,2-18-23,91,2,hair,What do you see on the screen?,1,0,0,0,1,0,0,0,0,0,0,0,0,0,
46_2-18-23,2-18-23,91,2,hair,Is there anything on the screen that is real?,0,1,0,0,0,0,0,0,0,0,0,0,0,0,
46_2-18-23,2-18-23,91,2,hair,How do you know that it is real?,0,0,0,0,0,1,0,0,0,0,0,0,0,0,
46_2-18-23,2-18-23,91,2,hair,Is there anything on the screen that is not real?,0,0,0,0,1,0,0,0,0,0,0,0,0,0,
46_2-18-23,2-18-23,91,2,hair,How do you know that it is not real?,0,1,0,0,0,0,0,0,0,0,0,0,0,0,
46_2-18-23,2-18-23,91,3,balloons,Spontaneous,0,0,0,0,0,0,0,0,0,0,0,0,0,0,
46_2-18-23,2-18-23,91,3,balloons,What do you see on the screen?,0,0,0,0,1,0,0,0,0,0,0,0,0,0,
46_2-18-23,2-18-23,91,3,balloons,Is there anything on the screen that is real?,0,1,0,1,0,0,0,0,0,0,0,0,0,0,
46_2-18-23,2-18-23,91,3,balloons,How do you know that it is real?,0,0,0,0,0,1,0,0,0,0,0,0,0,0,
46_2-18-23,2-18-23,91,3,balloons,Is there anything on the screen that is not real?,0,0,0,0,1,0,0,0,0,0,0,0,0,0,
46_2-18-23,2-18-23,91,3,balloons,How do you know that it is not real?,0,0,0,1,0,1,0,0,0,0,0,0,0,0,
46_2-18-23,2-18-23,91,4,bubbles,Spontaneous,0,0,0,0,0,0,0,0,0,0,0,0,0,0,
46_2-18-23,2-18-23,91,4,bubbles,What do you see on the screen?,0,0,0,0,1,0,0,0,0,0,0,0,0,0,
46_2-18-23,2-18-23,91,4,bubbles,Is there anything on the screen that is real?,0,1,0,1,0,0,0,0,0,0,0,0,0,0,
46_2-18-23,2-18-23,91,4,bubbles,How do you know that it is real?,0,0,0,0,0,1,0,0,0,0,0,0,0,0,
46_2-18-23,2-18-23,91,4,bubbles,Is there anything on the screen that is not real?,0,0,0,0,1,0,0,0,0,0,0,0,0,0,
46_2-18-23,2-18-23,91,4,bubbles,How do you know that it is not real?,0,0,0,0,0,1,0,0,0,0,0,0,0,0,
48_2-18-23,2-18-23,116,1,balloons,Spontaneous,0,0,0,0,0,0,0,0,0,0,0,0,0,0,
48_2-18-23,2-18-23,116,1,balloons,What do you see on the screen?,0,0,0,0,1,0,0,0,0,0,0,0,0,0,
48_2-18-23,2-18-23,116,1,balloons,Is there anything on the screen that is real?,0,1,0,0,0,0,0,0,0,0,0,0,0,0,
48_2-18-23,2-18-23,116,1,balloons,How do you know that it is real?,0,0,0,0,0,1,0,0,0,0,0,0,0,0,
48_2-18-23,2-18-23,116,1,balloons,Is there anything on the screen that is not real?,0,0,0,0,1,0,0,0,0,0,0,0,0,0,
48_2-18-23,2-18-23,116,1,balloons,How do you know that it is not real?,0,0,0,0,0,0,1,0,0,0,0,0,0,0,
48_2-18-23,2-18-23,116,2,bubbles,Spontaneous,0,0,0,0,0,0,0,0,0,0,0,0,0,0,
48_2-18-23,2-18-23,116,2,bubbles,What do you see on the screen?,0,0,0,0,1,0,0,0,0,0,0,0,0,0,
48_2-18-23,2-18-23,116,2,bubbles,Is there anything on the screen that is real?,0,1,0,0,0,0,0,0,0,0,0,0,0,0,
48_2-18-23,2-18-23,116,2,bubbles,How do you know that it is real?,0,0,0,0,0,1,0,0,0,0,0,0,0,0,
48_2-18-23,2-18-23,116,2,bubbles,Is there anything on the screen that is not real?,0,0,0,0,1,0,0,0,0,0,0,0,0,0,
48_2-18-23,2-18-23,116,2,bubbles,How do you know that it is not real?,0,0,0,0,0,0,1,0,0,0,0,0,0,0,
48_2-18-23,2-18-23,116,3,hair,Spontaneous,0,0,0,0,0,0,0,0,1,0,0,0,0,0,
48_2-18-23,2-18-23,116,3,hair,What do you see on the screen?,0,0,0,0,1,0,0,0,0,0,0,0,0,0,
48_2-18-23,2-18-23,116,3,hair,Is there anything on the screen that is real?,0,1,0,0,0,0,0,0,0,0,0,0,0,0,
48_2-18-23,2-18-23,116,3,hair,How do you know that it is real?,0,0,0,0,0,1,0,0,0,0,0,0,0,0,
48_2-18-23,2-18-23,116,3,hair,Is there anything on the screen that is not real?,0,0,0,0,1,0,0,0,0,0,0,0,0,0,
48_2-18-23,2-18-23,116,3,hair,How do you know that it is not real?,0,0,0,0,0,1,0,0,0,0,0,0,0,1,
48_2-18-23,2-18-23,116,4,butterflies,Spontaneous,0,0,0,0,0,0,0,0,0,0,0,0,0,0,
48_2-18-23,2-18-23,116,4,butterflies,What do you see on the screen?,0,0,0,0,1,0,0,0,0,0,0,0,0,0,
48_2-18-23,2-18-23,116,4,butterflies,Is there anything on the screen that is real?,0,1,0,0,0,0,0,0,0,0,0,0,0,0,
48_2-18-23,2-18-23,116,4,butterflies,How do you know that it is real?,0,0,0,0,0,1,0,0,0,0,0,0,0,0,
48_2-18-23,2-18-23,116,4,butterflies,Is there anything on the screen that is not real?,0,0,0,0,1,0,0,0,0,0,0,0,0,0,
48_2-18-23,2-18-23,116,4,butterflies,How do you know that it is not real?,0,0,0,0,0,1,1,0,0,0,0,0,0,1,
49_2-18-23,2-18-23,91,1,butterflies,Spontaneous,0,0,0,0,0,0,0,0,0,0,0,0,0,0,
49_2-18-23,2-18-23,91,1,butterflies,What do you see on the screen?,0,0,0,0,1,0,0,0,0,0,0,0,0,0,
49_2-18-23,2-18-23,91,1,butterflies,Is there anything on the screen that is real?,0,1,0,0,0,0,0,0,0,0,0,0,0,0,
49_2-18-23,2-18-23,91,1,butterflies,How do you know that it is real?,0,0,0,0,0,1,0,0,0,0,0,0,0,0,
49_2-18-23,2-18-23,91,1,butterflies,Is there anything on the screen that is not real?,1,0,0,0,1,0,0,0,0,0,0,0,0,0,
49_2-18-23,2-18-23,91,1,butterflies,How do you know that it is not real?,0,0,0,0,0,1,0,0,0,0,0,0,0,1,
49_2-18-23,2-18-23,91,2,hair,Spontaneous,0,0,0,0,0,0,0,0,1,0,0,0,0,1,
49_2-18-23,2-18-23,91,2,hair,What do you see on the screen?,0,0,0,0,0,0,0,0,0,0,0,0,0,0,
49_2-18-23,2-18-23,91,2,hair,Is there anything on the screen that is real?,0,1,0,0,0,0,0,0,0,0,0,0,0,0,
49_2-18-23,2-18-23,91,2,hair,How do you know that it is real?,0,0,0,0,0,1,0,0,0,0,0,0,0,0,
49_2-18-23,2-18-23,91,2,hair,Is there anything on the screen that is not real?,1,0,0,0,0,0,0,0,0,0,0,0,0,0,
49_2-18-23,2-18-23,91,2,hair,How do you know that it is not real?,0,1,0,0,0,0,0,0,0,0,0,0,0,0,
49_2-18-23,2-18-23,91,3,balloons,Spontaneous,0,0,0,0,0,0,0,0,0,0,0,0,0,0,
49_2-18-23,2-18-23,91,3,balloons,What do you see on the screen?,0,0,0,0,0,0,0,0,0,0,0,0,0,0,
49_2-18-23,2-18-23,91,3,balloons,Is there anything on the screen that is real?,0,0,0,1,0,0,0,0,0,0,0,0,0,0,
49_2-18-23,2-18-23,91,3,balloons,How do you know that it is real?,0,0,0,0,0,1,0,0,0,0,0,0,0,0,
49_2-18-23,2-18-23,91,3,balloons,Is there anything on the screen that is not real?,0,0,0,0,1,0,0,0,0,0,0,0,0,0,
49_2-18-23,2-18-23,91,3,balloons,How do you know that it is not real?,0,0,0,0,0,0,0,1,0,0,0,0,0,0,
49_2-18-23,2-18-23,91,4,bubbles,Spontaneous,0,0,0,0,0,0,0,0,0,0,0,0,0,0,
49_2-18-23,2-18-23,91,4,bubbles,What do you see on the screen?,0,0,0,0,0,0,0,0,0,0,0,0,0,0,
49_2-18-23,2-18-23,91,4,bubbles,Is there anything on the screen that is real?,0,1,0,0,0,0,0,0,0,0,0,0,0,0,
49_2-18-23,2-18-23,91,4,bubbles,How do you know that it is real?,0,0,0,0,0,1,0,0,0,0,0,0,0,0,
49_2-18-23,2-18-23,91,4,bubbles,Is there anything on the screen that is not real?,0,0,0,0,1,0,0,0,0,0,0,0,0,0,
49_2-18-23,2-18-23,91,4,bubbles,How do you know that it is not real?,0,0,0,1,0,1,0,0,0,0,0,0,0,0,